ticket_id,customer_id,creation_date,resolution_date,category,priority,resolution_time_days,plan
1,CUST_1000,2022-02-01,2022-02-07,Billing Issue,Medium,6,Pro
2,CUST_1000,2022-07-01,2022-07-03,Feature Request,Medium,2,Enterprise
3,CUST_1000,2022-11-01,2022-11-11,Technical Problem,Medium,10,Enterprise
4,CUST_1000,2023-05-01,2023-05-10,Feature Request,Medium,9,Enterprise
5,CUST_1000,2024-01-01,2024-01-02,General Question,Low,1,Enterprise
6,CUST_1000,2024-02-01,2024-02-02,Feature Request,Critical,1,Enterprise
7,CUST_1000,2024-04-01,2024-04-10,Account Access,Low,9,Enterprise
8,CUST_1000,2024-05-01,2024-05-13,Account Access,Low,12,Enterprise
9,CUST_1000,2024-08-01,2024-08-11,General Question,Low,10,Enterprise
10,CUST_1000,2024-09-01,2024-09-13,Account Access,Medium,12,Enterprise
11,CUST_1001,2023-03-01,2023-03-02,Feature Request,Low,1,Pro
12,CUST_1002,2023-07-01,2023-07-09,Billing Issue,Medium,8,Basic
13,CUST_1002,2023-10-01,2023-10-03,Technical Problem,Critical,2,Basic
14,CUST_1002,2024-01-01,2024-01-15,General Question,Medium,14,Pro
15,CUST_1002,2024-02-01,2024-02-10,Billing Issue,Medium,9,Pro
16,CUST_1002,2024-04-01,2024-04-04,Technical Problem,Medium,3,Pro
17,CUST_1002,2024-06-01,2024-06-05,Technical Problem,Medium,4,Enterprise
18,CUST_1002,2024-07-01,2024-07-04,Technical Problem,Medium,3,Enterprise
19,CUST_1002,2024-12-01,2024-12-14,Technical Problem,High,13,Enterprise
20,CUST_1003,2023-08-01,2023-08-12,Feature Request,Low,11,Pro
21,CUST_1003,2023-09-01,2023-09-08,Billing Issue,Medium,7,Pro
22,CUST_1004,2022-11-01,2022-11-08,Feature Request,Medium,7,Basic
23,CUST_1004,2022-12-01,2022-12-02,Technical Problem,Low,1,Basic
24,CUST_1004,2023-01-01,2023-01-14,Technical Problem,Medium,13,Basic
25,CUST_1004,2023-05-01,2023-05-04,General Question,Low,3,Basic
26,CUST_1004,2023-09-01,2023-09-09,Technical Problem,Low,8,Basic
27,CUST_1004,2023-12-01,2023-12-10,Account Access,Low,9,Basic
28,CUST_1004,2024-04-01,2024-04-05,Billing Issue,Low,4,Pro
29,CUST_1004,2024-05-01,2024-05-05,Account Access,Low,4,Pro
30,CUST_1004,2024-06-01,2024-06-04,Billing Issue,Critical,3,Pro
31,CUST_1005,2022-02-01,2022-02-15,Feature Request,Medium,14,Enterprise
32,CUST_1005,2022-04-01,2022-04-10,Technical Problem,Medium,9,Enterprise
33,CUST_1005,2022-07-01,2022-07-12,Account Access,Low,11,Enterprise
34,CUST_1005,2022-08-01,2022-08-04,General Question,Low,3,Enterprise
35,CUST_1005,2023-02-01,2023-02-10,General Question,High,9,Enterprise
36,CUST_1005,2023-03-01,2023-03-05,Feature Request,Medium,4,Enterprise
37,CUST_1005,2023-05-01,2023-05-11,General Question,Low,10,Enterprise
38,CUST_1005,2024-02-01,2024-02-02,Account Access,Low,1,Enterprise
39,CUST_1005,2024-03-01,2024-03-11,Technical Problem,Low,10,Enterprise
40,CUST_1005,2024-04-01,2024-04-06,Billing Issue,Low,5,Enterprise
41,CUST_1005,2024-07-01,2024-07-02,Feature Request,Low,1,Enterprise
42,CUST_1005,2024-08-01,2024-08-10,Technical Problem,Low,9,Enterprise
43,CUST_1005,2024-09-01,2024-09-03,General Question,High,2,Enterprise
44,CUST_1005,2024-10-01,2024-10-05,General Question,High,4,Enterprise
45,CUST_1006,2022-03-01,2022-03-04,Feature Request,Critical,3,Pro
46,CUST_1006,2022-09-01,2022-09-02,General Question,Low,1,Pro
47,CUST_1006,2022-11-01,2022-11-10,Billing Issue,High,9,Enterprise
48,CUST_1006,2022-12-01,2022-12-11,Feature Request,High,10,Enterprise
49,CUST_1006,2023-03-01,2023-03-07,Feature Request,Medium,6,Enterprise
50,CUST_1006,2023-04-01,2023-04-04,Technical Problem,Medium,3,Enterprise
51,CUST_1006,2024-05-01,2024-05-11,Technical Problem,Medium,10,Pro
52,CUST_1006,2024-12-01,2024-12-15,Technical Problem,High,14,Pro
53,CUST_1007,2022-05-01,2022-05-02,General Question,Critical,1,Pro
54,CUST_1007,2022-11-01,2022-11-04,General Question,Critical,3,Pro
55,CUST_1008,2022-11-01,2022-11-03,Account Access,Low,2,Basic
56,CUST_1008,2023-02-01,2023-02-04,Technical Problem,Low,3,Pro
57,CUST_1008,2023-05-01,2023-05-12,Feature Request,Low,11,Pro
58,CUST_1008,2023-09-01,2023-09-07,General Question,High,6,Pro
59,CUST_1008,2023-10-01,2023-10-03,Technical Problem,Medium,2,Pro
60,CUST_1008,2024-02-01,2024-02-11,Account Access,Medium,10,Basic
61,CUST_1008,2024-05-01,2024-05-09,Feature Request,Low,8,Basic
62,CUST_1008,2024-10-01,2024-10-04,Billing Issue,Critical,3,Basic
63,CUST_1009,2023-05-01,2023-05-15,Billing Issue,Low,14,Pro
64,CUST_1009,2023-07-01,2023-07-08,Technical Problem,Low,7,Pro
65,CUST_1009,2023-09-01,2023-09-15,Feature Request,Low,14,Pro
66,CUST_1009,2023-12-01,2023-12-11,Feature Request,High,10,Pro
67,CUST_1009,2024-02-01,2024-02-10,General Question,High,9,Pro
68,CUST_1009,2024-03-01,2024-03-14,Billing Issue,High,13,Pro
69,CUST_1009,2024-04-01,2024-04-12,Account Access,Low,11,Pro
70,CUST_1009,2024-05-01,2024-05-05,Feature Request,Low,4,Pro
71,CUST_1009,2024-07-01,2024-07-13,General Question,High,12,Pro
72,CUST_1009,2024-11-01,2024-11-12,Feature Request,Medium,11,Pro
73,CUST_1010,2022-11-01,2022-11-12,General Question,Medium,11,Basic
74,CUST_1010,2023-04-01,2023-04-11,Billing Issue,Medium,10,Basic
75,CUST_1010,2023-05-01,2023-05-10,Billing Issue,Low,9,Basic
76,CUST_1010,2024-02-01,2024-02-13,Feature Request,Medium,12,Basic
77,CUST_1010,2024-04-01,2024-04-03,Billing Issue,Critical,2,Pro
78,CUST_1010,2024-05-01,2024-05-05,Feature Request,Medium,4,Pro
79,CUST_1010,2024-10-01,2024-10-09,Technical Problem,Low,8,Pro
80,CUST_1011,2023-01-01,2023-01-15,Account Access,Medium,14,Basic
81,CUST_1011,2023-06-01,2023-06-03,Technical Problem,Critical,2,Basic
82,CUST_1011,2023-12-01,2023-12-07,Billing Issue,High,6,Basic
83,CUST_1011,2024-03-01,2024-03-04,Technical Problem,Low,3,Basic
84,CUST_1011,2024-04-01,2024-04-14,Technical Problem,Low,13,Basic
85,CUST_1011,2024-05-01,2024-05-02,Account Access,Medium,1,Basic
86,CUST_1012,2023-08-01,2023-08-10,General Question,Low,9,Basic
87,CUST_1012,2023-12-01,2023-12-07,Account Access,Low,6,Basic
88,CUST_1012,2024-03-01,2024-03-03,Feature Request,Critical,2,Basic
89,CUST_1012,2024-05-01,2024-05-04,Billing Issue,High,3,Basic
90,CUST_1012,2024-08-01,2024-08-05,General Question,Medium,4,Basic
91,CUST_1012,2024-12-01,2024-12-05,Technical Problem,Medium,4,Basic
92,CUST_1013,2022-04-01,2022-04-07,Account Access,Low,6,Pro
93,CUST_1013,2022-09-01,2022-09-14,Billing Issue,Low,13,Pro
94,CUST_1013,2023-02-01,2023-02-08,Account Access,Low,7,Pro
95,CUST_1013,2023-05-01,2023-05-08,Account Access,Medium,7,Pro
96,CUST_1013,2023-11-01,2023-11-15,Feature Request,High,14,Basic
97,CUST_1013,2023-12-01,2023-12-04,General Question,Medium,3,Pro
98,CUST_1013,2024-04-01,2024-04-04,Billing Issue,Medium,3,Pro
99,CUST_1013,2024-06-01,2024-06-15,General Question,Low,14,Pro
100,CUST_1014,2023-06-01,2023-06-04,Account Access,High,3,Basic
101,CUST_1015,2022-05-01,2022-05-07,Technical Problem,Low,6,Basic
102,CUST_1015,2022-07-01,2022-07-03,Billing Issue,Critical,2,Basic
103,CUST_1015,2022-08-01,2022-08-07,Feature Request,Low,6,Basic
104,CUST_1015,2022-11-01,2022-11-13,Billing Issue,Low,12,Basic
105,CUST_1015,2022-12-01,2022-12-10,General Question,High,9,Basic
106,CUST_1015,2023-07-01,2023-07-08,Billing Issue,Low,7,Pro
107,CUST_1015,2023-08-01,2023-08-05,Account Access,High,4,Pro
108,CUST_1015,2023-12-01,2023-12-11,Technical Problem,Medium,10,Pro
109,CUST_1015,2024-04-01,2024-04-13,Technical Problem,Medium,12,Pro
110,CUST_1015,2024-07-01,2024-07-05,Feature Request,Medium,4,Pro
111,CUST_1016,2022-04-01,2022-04-12,Billing Issue,Medium,11,Pro
112,CUST_1016,2022-07-01,2022-07-05,Billing Issue,High,4,Pro
113,CUST_1016,2022-09-01,2022-09-03,Feature Request,High,2,Pro
114,CUST_1016,2022-10-01,2022-10-07,General Question,High,6,Pro
115,CUST_1016,2023-01-01,2023-01-13,Account Access,Medium,12,Pro
116,CUST_1016,2023-02-01,2023-02-09,Feature Request,Medium,8,Pro
117,CUST_1016,2023-03-01,2023-03-12,Feature Request,Low,11,Pro
118,CUST_1016,2023-04-01,2023-04-04,Billing Issue,High,3,Pro
119,CUST_1016,2023-09-01,2023-09-09,Billing Issue,Medium,8,Basic
120,CUST_1016,2024-07-01,2024-07-15,Feature Request,High,14,Basic
121,CUST_1016,2024-10-01,2024-10-02,Technical Problem,Critical,1,Basic
122,CUST_1017,2022-11-01,2022-11-15,Technical Problem,Medium,14,Pro
123,CUST_1018,2022-10-01,2022-10-11,Technical Problem,Medium,10,Pro
124,CUST_1018,2023-01-01,2023-01-10,Feature Request,Low,9,Pro
125,CUST_1018,2023-04-01,2023-04-03,Technical Problem,High,2,Pro
126,CUST_1018,2023-06-01,2023-06-15,Account Access,High,14,Pro
127,CUST_1018,2023-07-01,2023-07-09,General Question,Medium,8,Pro
128,CUST_1018,2023-10-01,2023-10-04,Account Access,Medium,3,Pro
129,CUST_1019,2023-03-01,2023-03-03,General Question,Medium,2,Pro
130,CUST_1019,2023-05-01,2023-05-03,Technical Problem,Critical,2,Pro
131,CUST_1019,2024-01-01,2024-01-12,General Question,Medium,11,Pro
132,CUST_1019,2024-03-01,2024-03-09,General Question,Low,8,Pro
133,CUST_1019,2024-05-01,2024-05-08,General Question,Medium,7,Enterprise
134,CUST_1019,2024-06-01,2024-06-11,Billing Issue,Low,10,Enterprise
135,CUST_1019,2024-10-01,2024-10-14,Account Access,Low,13,Enterprise
136,CUST_1019,2024-11-01,2024-11-03,Account Access,Medium,2,Enterprise
137,CUST_1019,2024-12-01,2024-12-03,Billing Issue,Critical,2,Enterprise
138,CUST_1020,2023-05-01,2023-05-15,Technical Problem,Low,14,Pro
139,CUST_1020,2023-06-01,2023-06-12,Feature Request,High,11,Pro
140,CUST_1020,2023-11-01,2023-11-07,Account Access,High,6,Pro
141,CUST_1021,2022-06-01,2022-06-04,Technical Problem,Critical,3,Basic
142,CUST_1021,2022-10-01,2022-10-10,Technical Problem,Low,9,Pro
143,CUST_1021,2023-09-01,2023-09-04,Feature Request,Critical,3,Pro
144,CUST_1021,2024-02-01,2024-02-04,General Question,High,3,Pro
145,CUST_1021,2024-09-01,2024-09-05,Technical Problem,Low,4,Pro
146,CUST_1021,2024-11-01,2024-11-04,Feature Request,Critical,3,Pro
147,CUST_1022,2023-03-01,2023-03-14,Feature Request,Low,13,Pro
148,CUST_1022,2023-05-01,2023-05-04,Account Access,Medium,3,Pro
149,CUST_1022,2023-07-01,2023-07-15,Technical Problem,Medium,14,Pro
150,CUST_1022,2024-01-01,2024-01-03,Billing Issue,Low,2,Pro
151,CUST_1022,2024-02-01,2024-02-12,Account Access,Low,11,Pro
152,CUST_1022,2024-03-01,2024-03-02,Feature Request,Low,1,Pro
153,CUST_1023,2022-08-01,2022-08-04,Technical Problem,Critical,3,Pro
154,CUST_1023,2022-10-01,2022-10-15,Account Access,High,14,Pro
155,CUST_1023,2023-05-01,2023-05-03,Billing Issue,Critical,2,Pro
156,CUST_1023,2023-06-01,2023-06-02,Account Access,Critical,1,Pro
157,CUST_1023,2023-10-01,2023-10-02,General Question,Medium,1,Pro
158,CUST_1023,2023-12-01,2023-12-02,Feature Request,High,1,Pro
159,CUST_1023,2024-03-01,2024-03-02,Account Access,Critical,1,Pro
160,CUST_1023,2024-11-01,2024-11-08,Account Access,Medium,7,Enterprise
161,CUST_1024,2023-02-01,2023-02-06,Technical Problem,Medium,5,Pro
162,CUST_1024,2023-08-01,2023-08-04,Feature Request,Low,3,Pro
163,CUST_1024,2023-10-01,2023-10-14,Account Access,Low,13,Pro
164,CUST_1024,2024-01-01,2024-01-12,General Question,Low,11,Pro
165,CUST_1024,2024-03-01,2024-03-05,Billing Issue,Low,4,Pro
166,CUST_1024,2024-04-01,2024-04-13,Technical Problem,Low,12,Pro
167,CUST_1024,2024-06-01,2024-06-14,Technical Problem,Low,13,Enterprise
168,CUST_1024,2024-07-01,2024-07-02,General Question,Critical,1,Enterprise
169,CUST_1024,2024-09-01,2024-09-15,Feature Request,Medium,14,Enterprise
170,CUST_1024,2024-10-01,2024-10-04,Technical Problem,Critical,3,Enterprise
171,CUST_1025,2023-11-01,2023-11-11,Technical Problem,Medium,10,Enterprise
172,CUST_1025,2024-01-01,2024-01-06,Billing Issue,Low,5,Enterprise
173,CUST_1025,2024-03-01,2024-03-09,Account Access,High,8,Enterprise
174,CUST_1025,2024-05-01,2024-05-03,Technical Problem,Low,2,Enterprise
175,CUST_1025,2024-08-01,2024-08-07,Technical Problem,Low,6,Enterprise
176,CUST_1026,2023-10-01,2023-10-03,Account Access,Critical,2,Basic
177,CUST_1026,2024-04-01,2024-04-07,Feature Request,Medium,6,Basic
178,CUST_1026,2024-06-01,2024-06-04,Feature Request,Critical,3,Basic
179,CUST_1026,2024-09-01,2024-09-05,Account Access,Medium,4,Basic
180,CUST_1027,2022-04-01,2022-04-10,Technical Problem,Low,9,Enterprise
181,CUST_1027,2022-05-01,2022-05-02,Account Access,Low,1,Enterprise
182,CUST_1027,2022-07-01,2022-07-03,General Question,Critical,2,Enterprise
183,CUST_1027,2022-10-01,2022-10-03,General Question,Medium,2,Enterprise
184,CUST_1027,2023-01-01,2023-01-05,General Question,Low,4,Enterprise
185,CUST_1027,2023-05-01,2023-05-03,General Question,Low,2,Enterprise
186,CUST_1027,2023-07-01,2023-07-09,Account Access,Low,8,Enterprise
187,CUST_1027,2023-09-01,2023-09-12,Technical Problem,Low,11,Enterprise
188,CUST_1027,2023-12-01,2023-12-12,Billing Issue,Medium,11,Enterprise
189,CUST_1027,2024-06-01,2024-06-04,General Question,Critical,3,Enterprise
190,CUST_1027,2024-11-01,2024-11-04,General Question,Medium,3,Enterprise
191,CUST_1028,2023-08-01,2023-08-06,Feature Request,High,5,Pro
192,CUST_1028,2023-09-01,2023-09-14,Feature Request,High,13,Pro
193,CUST_1028,2023-11-01,2023-11-11,Feature Request,Low,10,Pro
194,CUST_1028,2024-04-01,2024-04-07,General Question,Medium,6,Pro
195,CUST_1028,2024-07-01,2024-07-05,Feature Request,High,4,Pro
196,CUST_1028,2024-09-01,2024-09-05,General Question,High,4,Pro
197,CUST_1028,2024-10-01,2024-10-02,Account Access,Low,1,Pro
198,CUST_1029,2022-06-01,2022-06-12,General Question,Medium,11,Basic
199,CUST_1029,2022-12-01,2022-12-09,Account Access,Medium,8,Pro
200,CUST_1029,2023-02-01,2023-02-06,Billing Issue,Low,5,Pro
201,CUST_1029,2023-09-01,2023-09-09,Billing Issue,High,8,Pro
202,CUST_1029,2023-12-01,2023-12-06,Account Access,Medium,5,Pro
203,CUST_1030,2022-06-01,2022-06-06,Billing Issue,High,5,Pro
204,CUST_1031,2022-11-01,2022-11-05,Account Access,Medium,4,Pro
205,CUST_1031,2023-01-01,2023-01-05,Feature Request,Medium,4,Pro
206,CUST_1031,2023-02-01,2023-02-15,Technical Problem,Low,14,Pro
207,CUST_1031,2023-08-01,2023-08-15,General Question,Medium,14,Pro
208,CUST_1031,2023-09-01,2023-09-10,Account Access,Low,9,Enterprise
209,CUST_1031,2023-11-01,2023-11-06,Account Access,Low,5,Enterprise
210,CUST_1031,2024-07-01,2024-07-08,Feature Request,High,7,Enterprise
211,CUST_1031,2024-12-01,2024-12-05,General Question,Low,4,Enterprise
212,CUST_1032,2022-02-01,2022-02-04,Feature Request,Medium,3,Pro
213,CUST_1032,2022-04-01,2022-04-04,Billing Issue,Low,3,Pro
214,CUST_1032,2022-06-01,2022-06-06,General Question,Low,5,Pro
215,CUST_1032,2023-01-01,2023-01-04,General Question,Low,3,Pro
216,CUST_1032,2023-05-01,2023-05-07,Account Access,Low,6,Pro
217,CUST_1032,2023-09-01,2023-09-09,Billing Issue,High,8,Pro
218,CUST_1032,2023-11-01,2023-11-08,Technical Problem,Low,7,Basic
219,CUST_1033,2023-01-01,2023-01-11,Feature Request,Medium,10,Basic
220,CUST_1033,2023-03-01,2023-03-02,General Question,Medium,1,Basic
221,CUST_1033,2023-09-01,2023-09-10,General Question,Low,9,Basic
222,CUST_1033,2024-04-01,2024-04-12,Billing Issue,Low,11,Basic
223,CUST_1033,2024-05-01,2024-05-02,Feature Request,Medium,1,Basic
224,CUST_1033,2024-07-01,2024-07-02,General Question,Low,1,Basic
225,CUST_1033,2024-09-01,2024-09-06,General Question,Medium,5,Basic
226,CUST_1034,2022-03-01,2022-03-12,Billing Issue,Low,11,Basic
227,CUST_1034,2022-04-01,2022-04-10,Account Access,Medium,9,Basic
228,CUST_1034,2022-07-01,2022-07-03,Account Access,Low,2,Basic
229,CUST_1034,2023-01-01,2023-01-12,Feature Request,High,11,Basic
230,CUST_1034,2023-07-01,2023-07-04,Account Access,Critical,3,Basic
231,CUST_1034,2023-10-01,2023-10-12,Account Access,Low,11,Basic
232,CUST_1034,2024-01-01,2024-01-10,General Question,Low,9,Basic
233,CUST_1034,2024-04-01,2024-04-12,Billing Issue,Low,11,Basic
234,CUST_1034,2024-05-01,2024-05-08,General Question,Medium,7,Basic
235,CUST_1034,2024-06-01,2024-06-09,General Question,Low,8,Basic
236,CUST_1034,2024-12-01,2024-12-15,General Question,High,14,Basic
237,CUST_1035,2022-04-01,2022-04-14,General Question,Medium,13,Basic
238,CUST_1035,2022-05-01,2022-05-08,Feature Request,Low,7,Basic
239,CUST_1035,2023-05-01,2023-05-09,Account Access,Low,8,Basic
240,CUST_1035,2023-11-01,2023-11-03,Feature Request,High,2,Basic
241,CUST_1035,2024-03-01,2024-03-04,Billing Issue,Critical,3,Basic
242,CUST_1035,2024-10-01,2024-10-13,Billing Issue,Medium,12,Basic
243,CUST_1036,2023-07-01,2023-07-10,Billing Issue,High,9,Basic
244,CUST_1036,2024-03-01,2024-03-07,Feature Request,Low,6,Basic
245,CUST_1036,2024-04-01,2024-04-12,Technical Problem,Medium,11,Basic
246,CUST_1036,2024-06-01,2024-06-08,Account Access,Medium,7,Basic
247,CUST_1036,2024-07-01,2024-07-11,Billing Issue,Medium,10,Basic
248,CUST_1037,2023-01-01,2023-01-10,Technical Problem,High,9,Basic
249,CUST_1037,2023-02-01,2023-02-12,General Question,High,11,Basic
250,CUST_1037,2023-04-01,2023-04-06,General Question,Low,5,Basic
251,CUST_1037,2023-05-01,2023-05-12,Feature Request,Low,11,Basic
252,CUST_1037,2023-12-01,2023-12-07,Billing Issue,Medium,6,Basic
253,CUST_1037,2024-03-01,2024-03-05,Technical Problem,Low,4,Basic
254,CUST_1037,2024-05-01,2024-05-04,General Question,Low,3,Basic
255,CUST_1037,2024-07-01,2024-07-10,General Question,Medium,9,Basic
256,CUST_1037,2024-08-01,2024-08-11,Billing Issue,Low,10,Basic
257,CUST_1037,2024-10-01,2024-10-02,Feature Request,High,1,Basic
258,CUST_1038,2023-08-01,2023-08-02,Feature Request,Low,1,Pro
259,CUST_1038,2023-09-01,2023-09-04,Billing Issue,Low,3,Enterprise
260,CUST_1038,2023-10-01,2023-10-02,Account Access,Critical,1,Enterprise
261,CUST_1038,2023-12-01,2023-12-13,Account Access,Medium,12,Enterprise
262,CUST_1038,2024-02-01,2024-02-04,Technical Problem,Low,3,Enterprise
263,CUST_1038,2024-04-01,2024-04-14,Feature Request,High,13,Enterprise
264,CUST_1038,2024-05-01,2024-05-02,Technical Problem,Low,1,Enterprise
265,CUST_1039,2023-05-01,2023-05-05,Technical Problem,Low,4,Basic
266,CUST_1039,2023-08-01,2023-08-03,General Question,Low,2,Basic
267,CUST_1039,2024-06-01,2024-06-03,Technical Problem,Low,2,Basic
268,CUST_1040,2022-10-01,2022-10-04,Technical Problem,Low,3,Basic
269,CUST_1040,2022-11-01,2022-11-10,Account Access,Low,9,Basic
270,CUST_1040,2022-12-01,2022-12-10,Billing Issue,Medium,9,Basic
271,CUST_1040,2023-03-01,2023-03-04,Feature Request,Medium,3,Basic
272,CUST_1041,2023-05-01,2023-05-10,Feature Request,Medium,9,Basic
273,CUST_1041,2023-07-01,2023-07-09,General Question,Low,8,Basic
274,CUST_1042,2022-05-01,2022-05-03,General Question,High,2,Pro
275,CUST_1042,2022-06-01,2022-06-09,Account Access,High,8,Pro
276,CUST_1042,2022-07-01,2022-07-14,Account Access,Low,13,Pro
277,CUST_1042,2023-02-01,2023-02-11,Feature Request,Medium,10,Pro
278,CUST_1042,2023-12-01,2023-12-04,Feature Request,Low,3,Pro
279,CUST_1042,2024-07-01,2024-07-03,General Question,Critical,2,Pro
280,CUST_1042,2024-08-01,2024-08-03,General Question,Low,2,Pro
281,CUST_1042,2024-09-01,2024-09-08,Billing Issue,Low,7,Pro
282,CUST_1042,2024-12-01,2024-12-12,Billing Issue,Low,11,Enterprise
283,CUST_1043,2023-08-01,2023-08-14,Billing Issue,Medium,13,Basic
284,CUST_1043,2024-04-01,2024-04-02,Account Access,Medium,1,Basic
285,CUST_1043,2024-05-01,2024-05-12,Feature Request,Medium,11,Basic
286,CUST_1043,2024-09-01,2024-09-15,Technical Problem,Low,14,Basic
287,CUST_1043,2024-10-01,2024-10-10,Feature Request,Low,9,Basic
288,CUST_1044,2023-02-01,2023-02-02,Account Access,Critical,1,Pro
289,CUST_1044,2023-04-01,2023-04-04,General Question,Critical,3,Pro
290,CUST_1044,2023-08-01,2023-08-08,General Question,High,7,Pro
291,CUST_1044,2023-09-01,2023-09-10,Feature Request,Medium,9,Pro
292,CUST_1044,2024-02-01,2024-02-09,General Question,Medium,8,Enterprise
293,CUST_1044,2024-03-01,2024-03-09,Billing Issue,Medium,8,Enterprise
294,CUST_1044,2024-04-01,2024-04-11,Account Access,Low,10,Enterprise
295,CUST_1044,2024-06-01,2024-06-06,Account Access,Low,5,Enterprise
296,CUST_1045,2023-06-01,2023-06-02,General Question,Critical,1,Pro
297,CUST_1045,2023-07-01,2023-07-03,General Question,Medium,2,Pro
298,CUST_1045,2023-08-01,2023-08-05,Feature Request,Low,4,Pro
299,CUST_1045,2024-02-01,2024-02-03,Billing Issue,Critical,2,Pro
300,CUST_1045,2024-10-01,2024-10-11,Feature Request,Medium,10,Enterprise
301,CUST_1046,2022-08-01,2022-08-13,Account Access,Low,12,Basic
302,CUST_1046,2023-09-01,2023-09-08,General Question,Medium,7,Basic
303,CUST_1046,2024-01-01,2024-01-15,Feature Request,Medium,14,Basic
304,CUST_1046,2024-06-01,2024-06-04,General Question,Low,3,Basic
305,CUST_1046,2024-08-01,2024-08-05,Technical Problem,Low,4,Basic
306,CUST_1046,2024-12-01,2024-12-07,Feature Request,Medium,6,Basic
307,CUST_1047,2023-03-01,2023-03-02,Account Access,Medium,1,Pro
308,CUST_1047,2023-04-01,2023-04-14,Account Access,Medium,13,Pro
309,CUST_1047,2023-12-01,2023-12-03,Technical Problem,Critical,2,Basic
310,CUST_1047,2024-05-01,2024-05-07,Feature Request,High,6,Basic
311,CUST_1047,2024-07-01,2024-07-02,General Question,Medium,1,Basic
312,CUST_1048,2024-02-01,2024-02-09,Account Access,High,8,Basic
313,CUST_1048,2024-04-01,2024-04-04,Technical Problem,High,3,Basic
314,CUST_1048,2024-06-01,2024-06-08,Technical Problem,Low,7,Basic
315,CUST_1048,2024-08-01,2024-08-07,Technical Problem,Medium,6,Basic
316,CUST_1048,2024-10-01,2024-10-07,General Question,Low,6,Basic
317,CUST_1048,2024-12-01,2024-12-10,Feature Request,Medium,9,Basic
318,CUST_1049,2023-05-01,2023-05-03,Feature Request,Low,2,Basic
319,CUST_1049,2023-06-01,2023-06-04,General Question,Critical,3,Basic
320,CUST_1049,2023-07-01,2023-07-07,Billing Issue,High,6,Basic
321,CUST_1049,2023-09-01,2023-09-13,Account Access,Low,12,Basic
322,CUST_1049,2023-11-01,2023-11-02,Technical Problem,Critical,1,Basic
323,CUST_1049,2023-12-01,2023-12-10,Account Access,Medium,9,Basic
324,CUST_1049,2024-01-01,2024-01-03,General Question,Critical,2,Basic
325,CUST_1049,2024-04-01,2024-04-05,Account Access,Low,4,Basic
326,CUST_1049,2024-06-01,2024-06-14,General Question,Low,13,Basic
327,CUST_1049,2024-07-01,2024-07-03,Technical Problem,Medium,2,Basic
328,CUST_1049,2024-11-01,2024-11-13,Technical Problem,Low,12,Basic
329,CUST_1050,2023-04-01,2023-04-13,Feature Request,Low,12,Basic
330,CUST_1050,2023-06-01,2023-06-02,Account Access,High,1,Basic
331,CUST_1050,2024-02-01,2024-02-06,Feature Request,Low,5,Basic
332,CUST_1050,2024-05-01,2024-05-12,General Question,Medium,11,Basic
333,CUST_1050,2024-06-01,2024-06-11,Billing Issue,High,10,Basic
334,CUST_1050,2024-09-01,2024-09-12,Feature Request,High,11,Pro
335,CUST_1050,2024-10-01,2024-10-10,Technical Problem,Low,9,Pro
336,CUST_1051,2023-02-01,2023-02-14,Account Access,High,13,Pro
337,CUST_1051,2023-05-01,2023-05-06,Account Access,Medium,5,Pro
338,CUST_1051,2023-09-01,2023-09-13,Technical Problem,High,12,Pro
339,CUST_1051,2024-03-01,2024-03-13,Account Access,Low,12,Pro
340,CUST_1051,2024-04-01,2024-04-02,Billing Issue,Low,1,Pro
341,CUST_1051,2024-05-01,2024-05-10,General Question,Low,9,Pro
342,CUST_1051,2024-06-01,2024-06-15,Technical Problem,High,14,Pro
343,CUST_1051,2024-09-01,2024-09-13,Billing Issue,Low,12,Pro
344,CUST_1052,2022-12-01,2022-12-10,General Question,Low,9,Pro
345,CUST_1052,2023-01-01,2023-01-06,Billing Issue,High,5,Pro
346,CUST_1052,2023-05-01,2023-05-07,General Question,Low,6,Pro
347,CUST_1052,2023-07-01,2023-07-08,Billing Issue,Medium,7,Pro
348,CUST_1052,2023-10-01,2023-10-03,General Question,Low,2,Pro
349,CUST_1052,2023-12-01,2023-12-09,General Question,Low,8,Pro
350,CUST_1053,2022-11-01,2022-11-07,Technical Problem,Medium,6,Enterprise
351,CUST_1053,2024-06-01,2024-06-06,Billing Issue,Low,5,Enterprise
352,CUST_1053,2024-07-01,2024-07-15,Feature Request,Low,14,Enterprise
353,CUST_1053,2024-09-01,2024-09-14,Account Access,Low,13,Enterprise
354,CUST_1054,2023-10-01,2023-10-04,Feature Request,Critical,3,Pro
355,CUST_1054,2024-05-01,2024-05-14,Billing Issue,Medium,13,Pro
356,CUST_1054,2024-06-01,2024-06-08,Billing Issue,High,7,Pro
357,CUST_1054,2024-07-01,2024-07-03,Account Access,Low,2,Pro
358,CUST_1054,2024-09-01,2024-09-06,Technical Problem,High,5,Pro
359,CUST_1055,2024-01-01,2024-01-03,Feature Request,Low,2,Pro
360,CUST_1055,2024-03-01,2024-03-10,Account Access,Low,9,Pro
361,CUST_1055,2024-04-01,2024-04-02,Account Access,Medium,1,Pro
362,CUST_1056,2023-04-01,2023-04-05,Billing Issue,High,4,Pro
363,CUST_1056,2023-11-01,2023-11-03,Billing Issue,Critical,2,Pro
364,CUST_1056,2024-06-01,2024-06-07,General Question,Medium,6,Pro
365,CUST_1056,2024-08-01,2024-08-02,Account Access,Low,1,Pro
366,CUST_1057,2023-09-01,2023-09-04,Account Access,Low,3,Basic
367,CUST_1057,2024-04-01,2024-04-14,Technical Problem,Low,13,Basic
368,CUST_1057,2024-05-01,2024-05-10,Technical Problem,Medium,9,Basic
369,CUST_1057,2024-09-01,2024-09-03,General Question,Critical,2,Basic
370,CUST_1057,2024-10-01,2024-10-14,Technical Problem,Low,13,Basic
371,CUST_1057,2024-11-01,2024-11-06,Billing Issue,High,5,Basic
372,CUST_1057,2024-12-01,2024-12-06,Feature Request,Low,5,Basic
373,CUST_1058,2023-04-01,2023-04-09,Technical Problem,Low,8,Pro
374,CUST_1059,2022-12-01,2022-12-07,Billing Issue,Low,6,Pro
375,CUST_1059,2023-01-01,2023-01-03,General Question,High,2,Pro
376,CUST_1059,2023-02-01,2023-02-08,Technical Problem,High,7,Pro
377,CUST_1059,2023-10-01,2023-10-02,Feature Request,Critical,1,Enterprise
378,CUST_1059,2024-06-01,2024-06-03,Account Access,Critical,2,Pro
379,CUST_1059,2024-07-01,2024-07-05,Feature Request,Low,4,Pro
380,CUST_1059,2024-08-01,2024-08-04,Technical Problem,Critical,3,Pro
381,CUST_1059,2024-11-01,2024-11-05,General Question,Low,4,Enterprise
382,CUST_1060,2022-04-01,2022-04-10,Technical Problem,Low,9,Basic
383,CUST_1060,2022-05-01,2022-05-04,General Question,Critical,3,Basic
384,CUST_1060,2022-06-01,2022-06-15,Feature Request,Medium,14,Basic
385,CUST_1060,2022-07-01,2022-07-13,Account Access,Low,12,Basic
386,CUST_1060,2023-01-01,2023-01-03,Account Access,Critical,2,Basic
387,CUST_1060,2023-02-01,2023-02-11,Account Access,High,10,Basic
388,CUST_1060,2023-03-01,2023-03-07,Account Access,Low,6,Basic
389,CUST_1060,2023-11-01,2023-11-14,Technical Problem,High,13,Pro
390,CUST_1060,2024-09-01,2024-09-05,Feature Request,Medium,4,Enterprise
391,CUST_1060,2024-10-01,2024-10-13,Feature Request,Medium,12,Enterprise
392,CUST_1060,2024-11-01,2024-11-02,Account Access,Medium,1,Enterprise
393,CUST_1061,2022-04-01,2022-04-03,Feature Request,Low,2,Pro
394,CUST_1061,2022-05-01,2022-05-08,Billing Issue,Low,7,Pro
395,CUST_1061,2022-06-01,2022-06-02,General Question,Low,1,Pro
396,CUST_1061,2022-07-01,2022-07-04,Account Access,Low,3,Pro
397,CUST_1061,2022-08-01,2022-08-15,Feature Request,Low,14,Pro
398,CUST_1061,2022-09-01,2022-09-15,Feature Request,Medium,14,Pro
399,CUST_1061,2022-10-01,2022-10-07,Technical Problem,Low,6,Pro
400,CUST_1061,2023-08-01,2023-08-08,Technical Problem,Low,7,Pro
401,CUST_1061,2023-12-01,2023-12-09,Billing Issue,High,8,Basic
402,CUST_1061,2024-05-01,2024-05-12,Account Access,Medium,11,Basic
403,CUST_1061,2024-11-01,2024-11-13,Feature Request,Low,12,Basic
404,CUST_1062,2022-09-01,2022-09-06,Technical Problem,High,5,Basic
405,CUST_1062,2023-03-01,2023-03-13,Account Access,Low,12,Pro
406,CUST_1062,2023-04-01,2023-04-09,Technical Problem,High,8,Pro
407,CUST_1062,2023-06-01,2023-06-05,Billing Issue,Low,4,Pro
408,CUST_1062,2023-09-01,2023-09-10,Account Access,Medium,9,Pro
409,CUST_1062,2023-12-01,2023-12-02,Account Access,Low,1,Pro
410,CUST_1063,2022-08-01,2022-08-10,Account Access,Medium,9,Enterprise
411,CUST_1063,2023-04-01,2023-04-02,Feature Request,Medium,1,Enterprise
412,CUST_1063,2023-05-01,2023-05-02,Feature Request,Low,1,Enterprise
413,CUST_1063,2023-12-01,2023-12-03,Account Access,Critical,2,Enterprise
414,CUST_1063,2024-02-01,2024-02-07,Technical Problem,Medium,6,Enterprise
415,CUST_1063,2024-04-01,2024-04-08,General Question,Low,7,Enterprise
416,CUST_1063,2024-05-01,2024-05-06,Billing Issue,Medium,5,Enterprise
417,CUST_1064,2022-09-01,2022-09-06,Feature Request,Medium,5,Pro
418,CUST_1065,2022-06-01,2022-06-11,General Question,Medium,10,Basic
419,CUST_1065,2022-10-01,2022-10-03,Feature Request,High,2,Basic
420,CUST_1065,2023-04-01,2023-04-02,General Question,Critical,1,Basic
421,CUST_1065,2023-06-01,2023-06-10,General Question,Low,9,Basic
422,CUST_1065,2023-07-01,2023-07-07,Account Access,Medium,6,Basic
423,CUST_1065,2023-10-01,2023-10-04,Billing Issue,Low,3,Basic
424,CUST_1065,2023-12-01,2023-12-09,Account Access,High,8,Basic
425,CUST_1065,2024-06-01,2024-06-15,Account Access,High,14,Basic
426,CUST_1065,2024-11-01,2024-11-08,Account Access,Medium,7,Basic
427,CUST_1065,2024-12-01,2024-12-11,Billing Issue,Low,10,Basic
428,CUST_1066,2022-06-01,2022-06-02,Account Access,High,1,Pro
429,CUST_1066,2022-11-01,2022-11-14,Account Access,Low,13,Pro
430,CUST_1066,2022-12-01,2022-12-11,Account Access,Low,10,Pro
431,CUST_1066,2023-04-01,2023-04-03,Billing Issue,Low,2,Pro
432,CUST_1066,2023-06-01,2023-06-10,Technical Problem,Low,9,Pro
433,CUST_1066,2023-09-01,2023-09-06,Billing Issue,Low,5,Pro
434,CUST_1066,2023-10-01,2023-10-14,Feature Request,Medium,13,Pro
435,CUST_1066,2024-01-01,2024-01-08,Billing Issue,Low,7,Pro
436,CUST_1066,2024-08-01,2024-08-07,Feature Request,High,6,Pro
437,CUST_1066,2024-12-01,2024-12-12,Technical Problem,Low,11,Pro
438,CUST_1067,2022-05-01,2022-05-10,Feature Request,Low,9,Pro
439,CUST_1067,2022-07-01,2022-07-06,Billing Issue,Low,5,Pro
440,CUST_1067,2023-03-01,2023-03-15,Feature Request,Medium,14,Pro
441,CUST_1067,2023-04-01,2023-04-11,Technical Problem,Low,10,Pro
442,CUST_1067,2023-07-01,2023-07-13,Feature Request,High,12,Pro
443,CUST_1067,2023-09-01,2023-09-15,Feature Request,Medium,14,Pro
444,CUST_1067,2023-11-01,2023-11-06,Technical Problem,High,5,Pro
445,CUST_1067,2024-02-01,2024-02-15,Billing Issue,Low,14,Pro
446,CUST_1067,2024-03-01,2024-03-04,Feature Request,Critical,3,Enterprise
447,CUST_1067,2024-08-01,2024-08-09,General Question,Medium,8,Enterprise
448,CUST_1067,2024-10-01,2024-10-11,Technical Problem,Low,10,Enterprise
449,CUST_1067,2024-12-01,2024-12-04,Feature Request,Medium,3,Pro
450,CUST_1068,2023-01-01,2023-01-14,Technical Problem,Low,13,Basic
451,CUST_1068,2023-10-01,2023-10-05,Billing Issue,Low,4,Pro
452,CUST_1068,2023-12-01,2023-12-06,Feature Request,Medium,5,Pro
453,CUST_1068,2024-02-01,2024-02-09,General Question,High,8,Pro
454,CUST_1068,2024-03-01,2024-03-03,General Question,Medium,2,Pro
455,CUST_1069,2023-04-01,2023-04-08,Technical Problem,Low,7,Basic
456,CUST_1069,2024-03-01,2024-03-04,Technical Problem,Medium,3,Basic
457,CUST_1069,2024-08-01,2024-08-02,Billing Issue,Medium,1,Basic
458,CUST_1070,2022-05-01,2022-05-11,Account Access,Medium,10,Pro
459,CUST_1070,2023-09-01,2023-09-05,Technical Problem,Medium,4,Pro
460,CUST_1070,2023-11-01,2023-11-02,Feature Request,Low,1,Pro
461,CUST_1070,2024-08-01,2024-08-02,Technical Problem,High,1,Pro
462,CUST_1070,2024-09-01,2024-09-08,Account Access,Low,7,Pro
463,CUST_1071,2022-05-01,2022-05-12,Billing Issue,Low,11,Basic
464,CUST_1071,2022-08-01,2022-08-02,Billing Issue,Critical,1,Basic
465,CUST_1071,2022-09-01,2022-09-06,Technical Problem,High,5,Basic
466,CUST_1071,2023-02-01,2023-02-09,General Question,High,8,Basic
467,CUST_1071,2023-05-01,2023-05-09,Technical Problem,Low,8,Basic
468,CUST_1071,2023-07-01,2023-07-08,Billing Issue,Low,7,Pro
469,CUST_1071,2023-12-01,2023-12-08,Account Access,Low,7,Pro
470,CUST_1071,2024-01-01,2024-01-10,Feature Request,Low,9,Pro
471,CUST_1071,2024-02-01,2024-02-02,Account Access,Critical,1,Pro
472,CUST_1071,2024-05-01,2024-05-15,Technical Problem,High,14,Pro
473,CUST_1071,2024-06-01,2024-06-04,General Question,Critical,3,Pro
474,CUST_1071,2024-08-01,2024-08-02,Technical Problem,Medium,1,Pro
475,CUST_1071,2024-12-01,2024-12-09,General Question,Medium,8,Pro
476,CUST_1072,2022-03-01,2022-03-03,Technical Problem,Low,2,Basic
477,CUST_1072,2022-09-01,2022-09-03,Account Access,Low,2,Basic
478,CUST_1072,2022-11-01,2022-11-07,Account Access,Low,6,Basic
479,CUST_1072,2023-03-01,2023-03-10,Billing Issue,Low,9,Basic
480,CUST_1072,2023-05-01,2023-05-11,Feature Request,Low,10,Basic
481,CUST_1072,2023-10-01,2023-10-12,Feature Request,High,11,Basic
482,CUST_1074,2022-11-01,2022-11-09,Feature Request,High,8,Enterprise
483,CUST_1074,2022-12-01,2022-12-08,Feature Request,High,7,Enterprise
484,CUST_1074,2023-07-01,2023-07-08,General Question,Low,7,Enterprise
485,CUST_1074,2024-02-01,2024-02-03,Account Access,Critical,2,Enterprise
486,CUST_1074,2024-07-01,2024-07-08,Account Access,High,7,Enterprise
487,CUST_1074,2024-11-01,2024-11-10,Billing Issue,Low,9,Enterprise
488,CUST_1075,2022-08-01,2022-08-06,General Question,Medium,5,Enterprise
489,CUST_1075,2022-10-01,2022-10-07,Technical Problem,Low,6,Enterprise
490,CUST_1076,2022-10-01,2022-10-02,Technical Problem,Low,1,Basic
491,CUST_1076,2023-01-01,2023-01-03,Account Access,High,2,Basic
492,CUST_1076,2023-02-01,2023-02-07,Account Access,Low,6,Basic
493,CUST_1077,2022-08-01,2022-08-12,General Question,Medium,11,Basic
494,CUST_1077,2022-12-01,2022-12-06,Feature Request,High,5,Basic
495,CUST_1077,2023-02-01,2023-02-05,Billing Issue,High,4,Basic
496,CUST_1077,2023-04-01,2023-04-02,Technical Problem,Critical,1,Basic
497,CUST_1077,2023-07-01,2023-07-12,Feature Request,Low,11,Basic
498,CUST_1077,2024-02-01,2024-02-15,Feature Request,High,14,Basic
499,CUST_1077,2024-03-01,2024-03-13,Technical Problem,High,12,Basic
500,CUST_1077,2024-04-01,2024-04-04,Billing Issue,Critical,3,Basic
501,CUST_1077,2024-07-01,2024-07-07,General Question,High,6,Basic
502,CUST_1077,2024-08-01,2024-08-03,General Question,Low,2,Basic
503,CUST_1078,2022-10-01,2022-10-15,Technical Problem,Low,14,Pro
504,CUST_1078,2023-01-01,2023-01-05,Billing Issue,High,4,Pro
505,CUST_1078,2023-11-01,2023-11-15,Account Access,Medium,14,Pro
506,CUST_1078,2023-12-01,2023-12-02,Account Access,Critical,1,Pro
507,CUST_1078,2024-02-01,2024-02-10,Feature Request,Low,9,Pro
508,CUST_1078,2024-05-01,2024-05-11,Account Access,Low,10,Pro
509,CUST_1078,2024-10-01,2024-10-13,General Question,High,12,Pro
510,CUST_1079,2023-06-01,2023-06-12,Account Access,Low,11,Pro
511,CUST_1079,2023-11-01,2023-11-05,Billing Issue,Medium,4,Pro
512,CUST_1079,2024-02-01,2024-02-03,Technical Problem,Low,2,Pro
513,CUST_1079,2024-03-01,2024-03-15,Account Access,High,14,Pro
514,CUST_1079,2024-04-01,2024-04-15,Feature Request,Low,14,Pro
515,CUST_1079,2024-05-01,2024-05-07,Billing Issue,Low,6,Pro
516,CUST_1080,2022-12-01,2022-12-11,General Question,High,10,Basic
517,CUST_1080,2023-01-01,2023-01-02,Billing Issue,Low,1,Basic
518,CUST_1080,2023-03-01,2023-03-12,Feature Request,High,11,Basic
519,CUST_1080,2024-02-01,2024-02-02,General Question,Medium,1,Basic
520,CUST_1080,2024-03-01,2024-03-04,Billing Issue,Critical,3,Basic
521,CUST_1080,2024-06-01,2024-06-13,Technical Problem,Medium,12,Pro
522,CUST_1080,2024-07-01,2024-07-06,General Question,Medium,5,Pro
523,CUST_1080,2024-09-01,2024-09-03,Account Access,High,2,Pro
524,CUST_1081,2022-10-01,2022-10-13,Technical Problem,Medium,12,Basic
525,CUST_1081,2023-06-01,2023-06-06,Account Access,Medium,5,Basic
526,CUST_1081,2023-12-01,2023-12-08,Feature Request,Medium,7,Basic
527,CUST_1081,2024-01-01,2024-01-02,Billing Issue,High,1,Basic
528,CUST_1081,2024-02-01,2024-02-03,Billing Issue,Low,2,Basic
529,CUST_1081,2024-04-01,2024-04-13,Feature Request,High,12,Basic
530,CUST_1081,2024-05-01,2024-05-02,Feature Request,Critical,1,Basic
531,CUST_1081,2024-06-01,2024-06-02,Account Access,Medium,1,Basic
532,CUST_1081,2024-07-01,2024-07-10,General Question,Medium,9,Basic
533,CUST_1081,2024-10-01,2024-10-11,General Question,High,10,Basic
534,CUST_1081,2024-12-01,2024-12-11,Account Access,Medium,10,Basic
535,CUST_1082,2022-06-01,2022-06-14,Billing Issue,High,13,Pro
536,CUST_1082,2022-08-01,2022-08-14,Technical Problem,Low,13,Pro
537,CUST_1082,2022-09-01,2022-09-08,General Question,High,7,Pro
538,CUST_1082,2023-05-01,2023-05-11,Feature Request,High,10,Enterprise
539,CUST_1082,2023-08-01,2023-08-13,Account Access,Low,12,Enterprise
540,CUST_1082,2024-04-01,2024-04-04,Feature Request,High,3,Enterprise
541,CUST_1082,2024-05-01,2024-05-13,Account Access,Medium,12,Enterprise
542,CUST_1082,2024-07-01,2024-07-04,Account Access,Critical,3,Pro
543,CUST_1082,2024-09-01,2024-09-11,Billing Issue,Medium,10,Pro
544,CUST_1082,2024-12-01,2024-12-14,Technical Problem,Low,13,Pro
545,CUST_1083,2022-05-01,2022-05-14,Technical Problem,Low,13,Basic
546,CUST_1084,2022-02-01,2022-02-02,Account Access,High,1,Basic
547,CUST_1084,2022-08-01,2022-08-14,Feature Request,Low,13,Basic
548,CUST_1084,2022-09-01,2022-09-03,Feature Request,High,2,Basic
549,CUST_1084,2022-10-01,2022-10-06,Feature Request,High,5,Basic
550,CUST_1084,2022-11-01,2022-11-04,General Question,Medium,3,Basic
551,CUST_1085,2022-02-01,2022-02-03,General Question,Critical,2,Pro
552,CUST_1085,2022-05-01,2022-05-09,General Question,Medium,8,Pro
553,CUST_1085,2023-02-01,2023-02-03,General Question,Medium,2,Pro
554,CUST_1085,2023-03-01,2023-03-02,General Question,Low,1,Pro
555,CUST_1085,2023-04-01,2023-04-12,Feature Request,Medium,11,Pro
556,CUST_1085,2023-05-01,2023-05-09,Feature Request,High,8,Pro
557,CUST_1085,2023-08-01,2023-08-03,Feature Request,High,2,Pro
558,CUST_1085,2023-09-01,2023-09-15,Account Access,Medium,14,Pro
559,CUST_1085,2023-10-01,2023-10-11,Account Access,High,10,Pro
560,CUST_1085,2023-12-01,2023-12-08,Technical Problem,Medium,7,Pro
561,CUST_1085,2024-02-01,2024-02-02,Feature Request,Critical,1,Pro
562,CUST_1086,2022-08-01,2022-08-06,Feature Request,Low,5,Pro
563,CUST_1086,2022-11-01,2022-11-14,Account Access,Low,13,Pro
564,CUST_1086,2023-03-01,2023-03-10,Technical Problem,Low,9,Pro
565,CUST_1086,2023-09-01,2023-09-15,General Question,Medium,14,Pro
566,CUST_1086,2023-10-01,2023-10-02,Billing Issue,High,1,Pro
567,CUST_1086,2023-11-01,2023-11-09,Account Access,High,8,Pro
568,CUST_1087,2023-01-01,2023-01-02,Feature Request,Low,1,Basic
569,CUST_1087,2023-03-01,2023-03-08,General Question,High,7,Basic
570,CUST_1087,2023-06-01,2023-06-02,Account Access,Low,1,Basic
571,CUST_1087,2023-07-01,2023-07-08,Account Access,Medium,7,Basic
572,CUST_1087,2023-11-01,2023-11-08,Account Access,Medium,7,Basic
573,CUST_1087,2024-02-01,2024-02-10,General Question,Medium,9,Basic
574,CUST_1087,2024-03-01,2024-03-08,Billing Issue,Low,7,Basic
575,CUST_1087,2024-07-01,2024-07-05,Technical Problem,Medium,4,Basic
576,CUST_1087,2024-08-01,2024-08-02,Billing Issue,Low,1,Basic
577,CUST_1087,2024-09-01,2024-09-14,Billing Issue,Medium,13,Basic
578,CUST_1087,2024-12-01,2024-12-02,General Question,Medium,1,Basic
579,CUST_1089,2023-10-01,2023-10-10,Billing Issue,Medium,9,Pro
580,CUST_1090,2023-09-01,2023-09-06,Account Access,Medium,5,Pro
581,CUST_1090,2024-01-01,2024-01-09,General Question,High,8,Pro
582,CUST_1090,2024-06-01,2024-06-07,Technical Problem,Medium,6,Pro
583,CUST_1091,2023-01-01,2023-01-04,General Question,Medium,3,Pro
584,CUST_1091,2023-04-01,2023-04-09,General Question,High,8,Pro
585,CUST_1091,2023-05-01,2023-05-08,Billing Issue,Low,7,Pro
586,CUST_1091,2023-06-01,2023-06-04,Technical Problem,Medium,3,Pro
587,CUST_1091,2023-09-01,2023-09-09,Feature Request,Low,8,Basic
588,CUST_1091,2024-02-01,2024-02-09,Technical Problem,Medium,8,Basic
589,CUST_1091,2024-06-01,2024-06-08,Account Access,Low,7,Basic
590,CUST_1091,2024-07-01,2024-07-12,Billing Issue,Low,11,Basic
591,CUST_1091,2024-10-01,2024-10-03,Feature Request,Low,2,Basic
592,CUST_1091,2024-11-01,2024-11-14,Billing Issue,Low,13,Basic
593,CUST_1092,2022-06-01,2022-06-14,Account Access,Medium,13,Basic
594,CUST_1092,2023-05-01,2023-05-11,Account Access,Medium,10,Basic
595,CUST_1092,2023-06-01,2023-06-07,Billing Issue,Low,6,Basic
596,CUST_1092,2023-08-01,2023-08-03,Account Access,Low,2,Basic
597,CUST_1092,2023-10-01,2023-10-04,Billing Issue,Low,3,Basic
598,CUST_1093,2022-03-01,2022-03-13,Billing Issue,Medium,12,Basic
599,CUST_1094,2023-06-01,2023-06-10,Billing Issue,High,9,Basic
600,CUST_1094,2023-07-01,2023-07-09,General Question,Low,8,Basic
601,CUST_1094,2023-09-01,2023-09-11,Billing Issue,Low,10,Basic
602,CUST_1094,2023-10-01,2023-10-11,Account Access,Low,10,Basic
603,CUST_1094,2024-02-01,2024-02-03,Technical Problem,Critical,2,Basic
604,CUST_1094,2024-04-01,2024-04-08,Account Access,Medium,7,Basic
605,CUST_1094,2024-05-01,2024-05-03,Account Access,Critical,2,Basic
606,CUST_1095,2023-10-01,2023-10-03,Account Access,High,2,Enterprise
607,CUST_1095,2024-02-01,2024-02-12,Technical Problem,Medium,11,Enterprise
608,CUST_1095,2024-03-01,2024-03-07,Billing Issue,Medium,6,Enterprise
609,CUST_1095,2024-05-01,2024-05-06,Feature Request,Low,5,Enterprise
610,CUST_1095,2024-08-01,2024-08-13,General Question,High,12,Enterprise
611,CUST_1095,2024-10-01,2024-10-05,Billing Issue,Low,4,Enterprise
612,CUST_1096,2023-04-01,2023-04-13,Feature Request,Medium,12,Enterprise
613,CUST_1096,2024-02-01,2024-02-02,Billing Issue,Medium,1,Enterprise
614,CUST_1096,2024-08-01,2024-08-04,Technical Problem,Critical,3,Enterprise
615,CUST_1096,2024-09-01,2024-09-04,Feature Request,Critical,3,Enterprise
616,CUST_1096,2024-10-01,2024-10-07,Billing Issue,High,6,Enterprise
617,CUST_1098,2022-07-01,2022-07-11,Billing Issue,Medium,10,Enterprise
618,CUST_1098,2022-09-01,2022-09-13,Technical Problem,Medium,12,Enterprise
619,CUST_1098,2023-01-01,2023-01-15,Billing Issue,Low,14,Enterprise
620,CUST_1098,2023-05-01,2023-05-11,Technical Problem,Medium,10,Enterprise
621,CUST_1098,2023-06-01,2023-06-04,Billing Issue,Low,3,Enterprise
622,CUST_1098,2023-08-01,2023-08-02,Technical Problem,Medium,1,Enterprise
623,CUST_1098,2023-09-01,2023-09-09,Technical Problem,Low,8,Enterprise
624,CUST_1098,2024-03-01,2024-03-04,Account Access,Medium,3,Enterprise
625,CUST_1098,2024-08-01,2024-08-04,Account Access,Low,3,Enterprise
626,CUST_1099,2023-05-01,2023-05-02,Feature Request,High,1,Basic
627,CUST_1100,2022-07-01,2022-07-12,General Question,Low,11,Pro
628,CUST_1100,2022-11-01,2022-11-09,General Question,Low,8,Pro
629,CUST_1100,2022-12-01,2022-12-14,Account Access,Low,13,Pro
630,CUST_1100,2023-02-01,2023-02-05,General Question,Low,4,Pro
631,CUST_1100,2023-03-01,2023-03-04,Account Access,Critical,3,Pro
632,CUST_1100,2023-05-01,2023-05-15,Account Access,Low,14,Pro
633,CUST_1101,2023-08-01,2023-08-05,Account Access,Low,4,Pro
634,CUST_1101,2023-09-01,2023-09-07,Technical Problem,Medium,6,Pro
635,CUST_1101,2023-12-01,2023-12-05,Technical Problem,Low,4,Pro
636,CUST_1101,2024-01-01,2024-01-02,General Question,Medium,1,Pro
637,CUST_1101,2024-03-01,2024-03-02,Account Access,Critical,1,Pro
638,CUST_1101,2024-05-01,2024-05-10,Account Access,Medium,9,Pro
639,CUST_1101,2024-08-01,2024-08-13,Feature Request,Medium,12,Pro
640,CUST_1101,2024-09-01,2024-09-14,Account Access,Low,13,Pro
641,CUST_1102,2022-03-01,2022-03-02,Billing Issue,Low,1,Pro
642,CUST_1102,2022-04-01,2022-04-13,Feature Request,Low,12,Pro
643,CUST_1102,2022-06-01,2022-06-06,Technical Problem,High,5,Pro
644,CUST_1103,2023-08-01,2023-08-10,Technical Problem,High,9,Pro
645,CUST_1103,2023-10-01,2023-10-06,Account Access,Low,5,Pro
646,CUST_1103,2023-11-01,2023-11-14,Feature Request,High,13,Pro
647,CUST_1103,2024-04-01,2024-04-11,Billing Issue,High,10,Pro
648,CUST_1103,2024-07-01,2024-07-15,Technical Problem,Medium,14,Enterprise
649,CUST_1103,2024-09-01,2024-09-09,Account Access,Medium,8,Enterprise
650,CUST_1104,2023-04-01,2023-04-03,General Question,Critical,2,Basic
651,CUST_1104,2023-05-01,2023-05-05,Account Access,Medium,4,Basic
652,CUST_1104,2023-08-01,2023-08-09,Feature Request,Low,8,Basic
653,CUST_1104,2023-09-01,2023-09-12,Feature Request,Medium,11,Basic
654,CUST_1104,2023-11-01,2023-11-02,Account Access,Medium,1,Basic
655,CUST_1104,2024-01-01,2024-01-13,General Question,Medium,12,Pro
656,CUST_1104,2024-02-01,2024-02-02,General Question,High,1,Pro
657,CUST_1104,2024-04-01,2024-04-12,Billing Issue,High,11,Pro
658,CUST_1104,2024-06-01,2024-06-11,Technical Problem,High,10,Pro
659,CUST_1104,2024-08-01,2024-08-07,Billing Issue,Medium,6,Pro
660,CUST_1105,2022-07-01,2022-07-04,General Question,Critical,3,Enterprise
661,CUST_1105,2022-09-01,2022-09-04,General Question,Medium,3,Enterprise
662,CUST_1105,2023-01-01,2023-01-03,General Question,Low,2,Enterprise
663,CUST_1105,2023-06-01,2023-06-02,Technical Problem,Medium,1,Enterprise
664,CUST_1105,2023-10-01,2023-10-08,Feature Request,Medium,7,Enterprise
665,CUST_1105,2023-12-01,2023-12-15,Account Access,Medium,14,Enterprise
666,CUST_1105,2024-12-01,2024-12-05,Feature Request,Low,4,Basic
667,CUST_1106,2023-02-01,2023-02-13,Feature Request,Low,12,Pro
668,CUST_1106,2023-05-01,2023-05-06,Billing Issue,Medium,5,Pro
669,CUST_1106,2023-09-01,2023-09-05,Account Access,Low,4,Pro
670,CUST_1106,2023-12-01,2023-12-12,Billing Issue,High,11,Basic
671,CUST_1106,2024-05-01,2024-05-04,Billing Issue,Critical,3,Pro
672,CUST_1107,2022-05-01,2022-05-13,General Question,Medium,12,Pro
673,CUST_1107,2022-06-01,2022-06-14,General Question,Low,13,Pro
674,CUST_1107,2022-08-01,2022-08-03,Technical Problem,Critical,2,Pro
675,CUST_1108,2022-07-01,2022-07-11,Feature Request,Medium,10,Pro
676,CUST_1108,2023-01-01,2023-01-11,Account Access,High,10,Pro
677,CUST_1108,2023-02-01,2023-02-09,Feature Request,Medium,8,Pro
678,CUST_1108,2023-06-01,2023-06-04,Feature Request,Critical,3,Pro
679,CUST_1108,2023-07-01,2023-07-06,Technical Problem,Medium,5,Pro
680,CUST_1108,2023-08-01,2023-08-10,Billing Issue,Medium,9,Pro
681,CUST_1109,2022-08-01,2022-08-12,Technical Problem,Medium,11,Pro
682,CUST_1109,2022-11-01,2022-11-06,Technical Problem,Medium,5,Pro
683,CUST_1109,2023-02-01,2023-02-05,Account Access,Medium,4,Pro
684,CUST_1109,2023-07-01,2023-07-09,Account Access,High,8,Pro
685,CUST_1110,2023-09-01,2023-09-14,Billing Issue,Medium,13,Pro
686,CUST_1110,2023-10-01,2023-10-15,Account Access,High,14,Pro
687,CUST_1110,2024-03-01,2024-03-04,Feature Request,Critical,3,Enterprise
688,CUST_1110,2024-11-01,2024-11-05,Billing Issue,Medium,4,Enterprise
689,CUST_1111,2023-05-01,2023-05-02,Technical Problem,Critical,1,Basic
690,CUST_1111,2023-06-01,2023-06-15,Technical Problem,High,14,Basic
691,CUST_1111,2023-09-01,2023-09-11,Technical Problem,High,10,Basic
692,CUST_1111,2023-11-01,2023-11-02,Billing Issue,Low,1,Basic
693,CUST_1111,2024-03-01,2024-03-14,Account Access,Low,13,Basic
694,CUST_1111,2024-07-01,2024-07-05,Technical Problem,Medium,4,Basic
695,CUST_1111,2024-10-01,2024-10-06,Feature Request,Low,5,Basic
696,CUST_1112,2023-02-01,2023-02-15,Billing Issue,Low,14,Basic
697,CUST_1112,2023-04-01,2023-04-08,Feature Request,High,7,Basic
698,CUST_1112,2023-05-01,2023-05-08,General Question,High,7,Basic
699,CUST_1112,2023-07-01,2023-07-02,General Question,Critical,1,Basic
700,CUST_1112,2024-04-01,2024-04-02,General Question,Low,1,Basic
701,CUST_1112,2024-05-01,2024-05-13,Account Access,Low,12,Basic
702,CUST_1113,2022-10-01,2022-10-04,Technical Problem,Critical,3,Enterprise
703,CUST_1113,2022-12-01,2022-12-10,General Question,Medium,9,Enterprise
704,CUST_1113,2023-03-01,2023-03-13,Feature Request,Low,12,Enterprise
705,CUST_1113,2023-04-01,2023-04-04,Feature Request,Medium,3,Enterprise
706,CUST_1113,2023-06-01,2023-06-03,Billing Issue,Medium,2,Enterprise
707,CUST_1113,2023-07-01,2023-07-14,Billing Issue,Medium,13,Enterprise
708,CUST_1113,2023-12-01,2023-12-02,Technical Problem,Medium,1,Enterprise
709,CUST_1113,2024-01-01,2024-01-02,Billing Issue,Critical,1,Enterprise
710,CUST_1113,2024-06-01,2024-06-13,General Question,High,12,Enterprise
711,CUST_1113,2024-07-01,2024-07-02,Technical Problem,Medium,1,Enterprise
712,CUST_1113,2024-09-01,2024-09-06,General Question,Medium,5,Enterprise
713,CUST_1113,2024-10-01,2024-10-15,Technical Problem,Medium,14,Enterprise
714,CUST_1114,2023-07-01,2023-07-08,Feature Request,Low,7,Basic
715,CUST_1114,2023-08-01,2023-08-15,Technical Problem,Low,14,Basic
716,CUST_1114,2024-07-01,2024-07-03,Technical Problem,High,2,Basic
717,CUST_1114,2024-10-01,2024-10-13,General Question,Low,12,Basic
718,CUST_1114,2024-11-01,2024-11-04,Billing Issue,High,3,Basic
719,CUST_1115,2022-08-01,2022-08-15,Account Access,Low,14,Pro
720,CUST_1115,2022-11-01,2022-11-04,General Question,Low,3,Pro
721,CUST_1116,2022-11-01,2022-11-11,General Question,Medium,10,Pro
722,CUST_1116,2022-12-01,2022-12-02,Account Access,Critical,1,Pro
723,CUST_1116,2023-03-01,2023-03-14,Account Access,Medium,13,Pro
724,CUST_1116,2023-07-01,2023-07-09,Billing Issue,High,8,Pro
725,CUST_1116,2023-11-01,2023-11-02,Billing Issue,Critical,1,Pro
726,CUST_1116,2023-12-01,2023-12-03,Technical Problem,Low,2,Pro
727,CUST_1116,2024-02-01,2024-02-11,Account Access,Low,10,Pro
728,CUST_1116,2024-04-01,2024-04-14,Account Access,Low,13,Pro
729,CUST_1116,2024-06-01,2024-06-14,Feature Request,Low,13,Pro
730,CUST_1116,2024-07-01,2024-07-04,Technical Problem,Medium,3,Pro
731,CUST_1116,2024-10-01,2024-10-06,Account Access,Low,5,Pro
732,CUST_1117,2023-01-01,2023-01-02,Technical Problem,Medium,1,Basic
733,CUST_1117,2023-03-01,2023-03-04,Billing Issue,Medium,3,Basic
734,CUST_1117,2023-08-01,2023-08-13,Account Access,Medium,12,Basic
735,CUST_1117,2024-08-01,2024-08-10,Account Access,Low,9,Basic
736,CUST_1117,2024-09-01,2024-09-08,Feature Request,Medium,7,Basic
737,CUST_1117,2024-10-01,2024-10-09,General Question,Medium,8,Basic
738,CUST_1118,2023-05-01,2023-05-04,Technical Problem,Low,3,Pro
739,CUST_1118,2023-06-01,2023-06-15,Account Access,Medium,14,Pro
740,CUST_1118,2023-07-01,2023-07-06,Technical Problem,Low,5,Pro
741,CUST_1118,2023-09-01,2023-09-10,Technical Problem,Medium,9,Pro
742,CUST_1118,2023-11-01,2023-11-04,Feature Request,High,3,Pro
743,CUST_1118,2024-03-01,2024-03-12,Account Access,Low,11,Pro
744,CUST_1119,2023-01-01,2023-01-05,Account Access,Medium,4,Basic
745,CUST_1119,2023-02-01,2023-02-12,General Question,High,11,Basic
746,CUST_1119,2023-07-01,2023-07-08,General Question,Medium,7,Basic
747,CUST_1119,2023-11-01,2023-11-13,General Question,Low,12,Basic
748,CUST_1119,2024-03-01,2024-03-07,Account Access,Medium,6,Basic
749,CUST_1119,2024-09-01,2024-09-09,General Question,Medium,8,Basic
750,CUST_1120,2022-07-01,2022-07-07,Feature Request,Low,6,Basic
751,CUST_1120,2023-01-01,2023-01-13,Technical Problem,High,12,Basic
752,CUST_1120,2023-04-01,2023-04-06,Technical Problem,Low,5,Basic
753,CUST_1120,2023-05-01,2023-05-14,Feature Request,Low,13,Basic
754,CUST_1120,2024-01-01,2024-01-13,Billing Issue,High,12,Basic
755,CUST_1120,2024-04-01,2024-04-04,Technical Problem,Medium,3,Basic
756,CUST_1120,2024-06-01,2024-06-07,Billing Issue,High,6,Basic
757,CUST_1120,2024-12-01,2024-12-10,Technical Problem,High,9,Basic
758,CUST_1121,2023-01-01,2023-01-07,Technical Problem,Low,6,Pro
759,CUST_1121,2023-02-01,2023-02-09,Feature Request,Low,8,Pro
760,CUST_1122,2022-10-01,2022-10-02,Feature Request,Critical,1,Basic
761,CUST_1122,2022-11-01,2022-11-04,Feature Request,Low,3,Basic
762,CUST_1122,2022-12-01,2022-12-11,Account Access,High,10,Basic
763,CUST_1122,2023-01-01,2023-01-05,Technical Problem,Medium,4,Basic
764,CUST_1122,2023-05-01,2023-05-11,Billing Issue,Medium,10,Basic
765,CUST_1122,2023-10-01,2023-10-13,Technical Problem,Medium,12,Basic
766,CUST_1122,2023-12-01,2023-12-03,General Question,Critical,2,Basic
767,CUST_1122,2024-01-01,2024-01-11,Account Access,High,10,Basic
768,CUST_1122,2024-06-01,2024-06-05,Feature Request,High,4,Basic
769,CUST_1122,2024-07-01,2024-07-12,Technical Problem,Low,11,Basic
770,CUST_1122,2024-08-01,2024-08-10,Billing Issue,Low,9,Basic
771,CUST_1122,2024-10-01,2024-10-10,Account Access,Medium,9,Basic
772,CUST_1123,2022-12-01,2022-12-03,Technical Problem,Critical,2,Basic
773,CUST_1123,2023-02-01,2023-02-04,General Question,Low,3,Basic
774,CUST_1123,2023-03-01,2023-03-06,Account Access,Medium,5,Basic
775,CUST_1123,2023-11-01,2023-11-08,Billing Issue,Medium,7,Basic
776,CUST_1123,2023-12-01,2023-12-08,Account Access,Low,7,Basic
777,CUST_1123,2024-03-01,2024-03-04,Billing Issue,Low,3,Basic
778,CUST_1123,2024-05-01,2024-05-02,Feature Request,Critical,1,Basic
779,CUST_1124,2023-02-01,2023-02-12,Technical Problem,Low,11,Basic
780,CUST_1124,2023-03-01,2023-03-09,Feature Request,Low,8,Basic
781,CUST_1124,2023-06-01,2023-06-09,Technical Problem,High,8,Basic
782,CUST_1124,2023-08-01,2023-08-08,Technical Problem,Low,7,Basic
783,CUST_1124,2023-12-01,2023-12-06,Technical Problem,Low,5,Basic
784,CUST_1124,2024-04-01,2024-04-02,Billing Issue,Critical,1,Basic
785,CUST_1124,2024-06-01,2024-06-03,Account Access,Critical,2,Basic
786,CUST_1125,2023-02-01,2023-02-15,Technical Problem,Low,14,Basic
787,CUST_1125,2023-09-01,2023-09-11,Technical Problem,Medium,10,Basic
788,CUST_1125,2024-08-01,2024-08-04,General Question,Medium,3,Basic
789,CUST_1126,2022-12-01,2022-12-04,Billing Issue,Low,3,Basic
790,CUST_1126,2023-05-01,2023-05-02,Account Access,Critical,1,Basic
791,CUST_1126,2023-06-01,2023-06-02,Feature Request,Critical,1,Basic
792,CUST_1126,2023-08-01,2023-08-14,Technical Problem,Medium,13,Basic
793,CUST_1127,2023-02-01,2023-02-03,Account Access,Critical,2,Enterprise
794,CUST_1127,2023-03-01,2023-03-11,Account Access,High,10,Enterprise
795,CUST_1127,2023-04-01,2023-04-04,Account Access,Medium,3,Enterprise
796,CUST_1127,2023-09-01,2023-09-08,Account Access,High,7,Enterprise
797,CUST_1127,2023-10-01,2023-10-06,Account Access,High,5,Enterprise
798,CUST_1127,2024-03-01,2024-03-08,General Question,High,7,Enterprise
799,CUST_1127,2024-04-01,2024-04-02,General Question,Low,1,Enterprise
800,CUST_1127,2024-08-01,2024-08-07,General Question,High,6,Enterprise
801,CUST_1127,2024-09-01,2024-09-08,Account Access,Low,7,Enterprise
802,CUST_1127,2024-12-01,2024-12-03,Technical Problem,Low,2,Enterprise
803,CUST_1128,2023-01-01,2023-01-02,General Question,Low,1,Pro
804,CUST_1128,2023-02-01,2023-02-11,Billing Issue,Low,10,Pro
805,CUST_1128,2023-03-01,2023-03-02,Billing Issue,Medium,1,Pro
806,CUST_1128,2024-02-01,2024-02-05,Technical Problem,High,4,Enterprise
807,CUST_1128,2024-07-01,2024-07-08,Technical Problem,Low,7,Enterprise
808,CUST_1128,2024-10-01,2024-10-04,Account Access,Critical,3,Enterprise
809,CUST_1128,2024-12-01,2024-12-10,Technical Problem,Low,9,Enterprise
810,CUST_1129,2023-01-01,2023-01-10,General Question,Medium,9,Basic
811,CUST_1129,2023-04-01,2023-04-15,Account Access,Low,14,Basic
812,CUST_1130,2022-07-01,2022-07-13,Feature Request,Medium,12,Pro
813,CUST_1130,2022-10-01,2022-10-12,Technical Problem,High,11,Pro
814,CUST_1130,2022-12-01,2022-12-11,Technical Problem,Low,10,Pro
815,CUST_1130,2023-02-01,2023-02-07,Technical Problem,Low,6,Pro
816,CUST_1130,2023-05-01,2023-05-14,General Question,Low,13,Pro
817,CUST_1130,2023-08-01,2023-08-07,Feature Request,Low,6,Basic
818,CUST_1130,2023-09-01,2023-09-12,Technical Problem,Low,11,Basic
819,CUST_1130,2024-04-01,2024-04-06,Feature Request,Medium,5,Basic
820,CUST_1130,2024-05-01,2024-05-11,Billing Issue,Medium,10,Basic
821,CUST_1130,2024-09-01,2024-09-07,Technical Problem,Medium,6,Pro
822,CUST_1130,2024-10-01,2024-10-07,Billing Issue,Medium,6,Pro
823,CUST_1130,2024-11-01,2024-11-04,Billing Issue,Critical,3,Pro
824,CUST_1131,2022-05-01,2022-05-06,Billing Issue,Medium,5,Basic
825,CUST_1131,2022-12-01,2022-12-03,General Question,Critical,2,Basic
826,CUST_1131,2023-02-01,2023-02-04,Account Access,Medium,3,Basic
827,CUST_1131,2023-03-01,2023-03-12,Billing Issue,Low,11,Basic
828,CUST_1131,2023-06-01,2023-06-02,Feature Request,Medium,1,Basic
829,CUST_1131,2023-11-01,2023-11-12,General Question,Low,11,Pro
830,CUST_1131,2024-02-01,2024-02-06,General Question,Low,5,Pro
831,CUST_1131,2024-07-01,2024-07-07,Account Access,Medium,6,Pro
832,CUST_1131,2024-11-01,2024-11-14,Billing Issue,Low,13,Pro
833,CUST_1132,2023-02-01,2023-02-11,Feature Request,Low,10,Pro
834,CUST_1132,2023-07-01,2023-07-08,Feature Request,Medium,7,Pro
835,CUST_1132,2024-04-01,2024-04-13,Account Access,Low,12,Pro
836,CUST_1132,2024-10-01,2024-10-14,Billing Issue,Medium,13,Basic
837,CUST_1133,2023-02-01,2023-02-14,Billing Issue,Medium,13,Basic
838,CUST_1133,2023-11-01,2023-11-09,Billing Issue,Low,8,Basic
839,CUST_1133,2024-02-01,2024-02-04,Account Access,Critical,3,Basic
840,CUST_1133,2024-04-01,2024-04-06,Technical Problem,Low,5,Basic
841,CUST_1133,2024-05-01,2024-05-12,Account Access,High,11,Basic
842,CUST_1133,2024-06-01,2024-06-03,Technical Problem,Medium,2,Basic
843,CUST_1133,2024-07-01,2024-07-14,Technical Problem,Low,13,Pro
844,CUST_1134,2023-09-01,2023-09-15,Feature Request,Medium,14,Basic
845,CUST_1135,2023-09-01,2023-09-02,Feature Request,Critical,1,Enterprise
846,CUST_1135,2023-10-01,2023-10-04,Technical Problem,Medium,3,Enterprise
847,CUST_1135,2024-03-01,2024-03-02,Account Access,Critical,1,Enterprise
848,CUST_1135,2024-04-01,2024-04-11,Technical Problem,High,10,Enterprise
849,CUST_1135,2024-06-01,2024-06-09,Technical Problem,Medium,8,Enterprise
850,CUST_1135,2024-09-01,2024-09-06,Feature Request,Medium,5,Enterprise
851,CUST_1136,2022-09-01,2022-09-09,Account Access,Low,8,Pro
852,CUST_1136,2022-11-01,2022-11-15,Technical Problem,High,14,Pro
853,CUST_1136,2023-03-01,2023-03-07,Billing Issue,Low,6,Pro
854,CUST_1136,2023-06-01,2023-06-03,Feature Request,Low,2,Pro
855,CUST_1136,2023-07-01,2023-07-12,General Question,High,11,Pro
856,CUST_1136,2023-09-01,2023-09-13,Technical Problem,Low,12,Pro
857,CUST_1136,2024-02-01,2024-02-13,General Question,Medium,12,Pro
858,CUST_1136,2024-10-01,2024-10-09,Billing Issue,High,8,Pro
859,CUST_1136,2024-11-01,2024-11-14,Account Access,Low,13,Pro
860,CUST_1137,2022-02-01,2022-02-11,Billing Issue,Medium,10,Pro
861,CUST_1137,2022-04-01,2022-04-02,General Question,Critical,1,Pro
862,CUST_1137,2022-06-01,2022-06-13,Billing Issue,Medium,12,Pro
863,CUST_1137,2022-07-01,2022-07-02,Technical Problem,Medium,1,Pro
864,CUST_1138,2022-04-01,2022-04-15,Account Access,Medium,14,Pro
865,CUST_1138,2022-06-01,2022-06-10,General Question,High,9,Pro
866,CUST_1138,2022-08-01,2022-08-08,Billing Issue,High,7,Pro
867,CUST_1138,2022-09-01,2022-09-08,Technical Problem,Low,7,Pro
868,CUST_1138,2022-10-01,2022-10-04,Technical Problem,Low,3,Pro
869,CUST_1138,2022-12-01,2022-12-09,Feature Request,Low,8,Enterprise
870,CUST_1138,2023-01-01,2023-01-06,Technical Problem,Medium,5,Enterprise
871,CUST_1138,2023-03-01,2023-03-02,Account Access,Low,1,Enterprise
872,CUST_1138,2023-04-01,2023-04-07,Account Access,Medium,6,Enterprise
873,CUST_1138,2023-06-01,2023-06-12,Billing Issue,Low,11,Enterprise
874,CUST_1138,2024-02-01,2024-02-02,Feature Request,Low,1,Enterprise
875,CUST_1138,2024-06-01,2024-06-15,Technical Problem,Medium,14,Enterprise
876,CUST_1138,2024-08-01,2024-08-03,Technical Problem,Low,2,Enterprise
877,CUST_1138,2024-10-01,2024-10-03,Feature Request,Critical,2,Enterprise
878,CUST_1139,2023-09-01,2023-09-05,Feature Request,Low,4,Pro
879,CUST_1139,2023-12-01,2023-12-08,Account Access,Medium,7,Pro
880,CUST_1139,2024-01-01,2024-01-14,Billing Issue,Low,13,Pro
881,CUST_1139,2024-04-01,2024-04-03,Account Access,Medium,2,Pro
882,CUST_1139,2024-11-01,2024-11-02,Feature Request,High,1,Pro
883,CUST_1140,2023-05-01,2023-05-07,Account Access,Medium,6,Pro
884,CUST_1140,2023-08-01,2023-08-03,Billing Issue,Medium,2,Pro
885,CUST_1140,2024-01-01,2024-01-13,Feature Request,High,12,Pro
886,CUST_1140,2024-04-01,2024-04-11,General Question,High,10,Enterprise
887,CUST_1140,2024-10-01,2024-10-14,Feature Request,Medium,13,Enterprise
888,CUST_1141,2022-09-01,2022-09-06,General Question,Medium,5,Basic
889,CUST_1141,2023-02-01,2023-02-08,General Question,Medium,7,Basic
890,CUST_1141,2023-07-01,2023-07-05,General Question,Low,4,Basic
891,CUST_1141,2023-09-01,2023-09-09,Feature Request,High,8,Basic
892,CUST_1141,2023-12-01,2023-12-04,Billing Issue,High,3,Basic
893,CUST_1141,2024-01-01,2024-01-06,Billing Issue,High,5,Basic
894,CUST_1141,2024-04-01,2024-04-05,Feature Request,Low,4,Basic
895,CUST_1141,2024-07-01,2024-07-06,Technical Problem,High,5,Basic
896,CUST_1142,2022-12-01,2022-12-11,Account Access,Medium,10,Basic
897,CUST_1142,2023-03-01,2023-03-05,Feature Request,Medium,4,Basic
898,CUST_1142,2023-05-01,2023-05-10,General Question,Low,9,Basic
899,CUST_1142,2023-08-01,2023-08-14,Feature Request,High,13,Basic
900,CUST_1143,2022-10-01,2022-10-06,Billing Issue,Medium,5,Basic
901,CUST_1143,2023-03-01,2023-03-11,Feature Request,Low,10,Basic
902,CUST_1143,2023-05-01,2023-05-04,General Question,Critical,3,Basic
903,CUST_1143,2023-07-01,2023-07-07,Technical Problem,High,6,Basic
904,CUST_1143,2023-08-01,2023-08-06,Billing Issue,Medium,5,Pro
905,CUST_1143,2023-09-01,2023-09-04,Billing Issue,Critical,3,Pro
906,CUST_1143,2023-10-01,2023-10-10,Account Access,High,9,Pro
907,CUST_1143,2023-12-01,2023-12-14,Account Access,High,13,Pro
908,CUST_1143,2024-11-01,2024-11-11,Billing Issue,High,10,Pro
909,CUST_1144,2023-03-01,2023-03-02,Billing Issue,Low,1,Basic
910,CUST_1144,2023-04-01,2023-04-03,Feature Request,Low,2,Basic
911,CUST_1144,2023-12-01,2023-12-12,Account Access,Medium,11,Basic
912,CUST_1144,2024-01-01,2024-01-07,General Question,Medium,6,Basic
913,CUST_1144,2024-06-01,2024-06-11,General Question,Low,10,Basic
914,CUST_1144,2024-09-01,2024-09-13,Billing Issue,Low,12,Basic
915,CUST_1144,2024-10-01,2024-10-14,Billing Issue,Low,13,Basic
916,CUST_1144,2024-11-01,2024-11-03,General Question,Low,2,Basic
917,CUST_1144,2024-12-01,2024-12-14,Account Access,Medium,13,Basic
918,CUST_1145,2022-05-01,2022-05-05,General Question,High,4,Basic
919,CUST_1146,2022-06-01,2022-06-02,Feature Request,Low,1,Pro
920,CUST_1146,2022-08-01,2022-08-04,Account Access,Critical,3,Pro
921,CUST_1146,2022-10-01,2022-10-13,Feature Request,Low,12,Pro
922,CUST_1147,2023-06-01,2023-06-04,Billing Issue,Critical,3,Basic
923,CUST_1147,2023-07-01,2023-07-04,Feature Request,Low,3,Basic
924,CUST_1147,2023-08-01,2023-08-13,Billing Issue,Low,12,Basic
925,CUST_1147,2023-10-01,2023-10-03,Feature Request,Low,2,Basic
926,CUST_1147,2023-12-01,2023-12-13,General Question,Low,12,Basic
927,CUST_1147,2024-03-01,2024-03-02,General Question,Critical,1,Basic
928,CUST_1147,2024-04-01,2024-04-05,Account Access,Low,4,Pro
929,CUST_1147,2024-05-01,2024-05-03,General Question,Medium,2,Pro
930,CUST_1147,2024-08-01,2024-08-04,Billing Issue,Critical,3,Pro
931,CUST_1147,2024-09-01,2024-09-09,General Question,Medium,8,Pro
932,CUST_1148,2022-05-01,2022-05-02,Billing Issue,High,1,Pro
933,CUST_1149,2023-07-01,2023-07-03,Feature Request,Critical,2,Basic
934,CUST_1149,2023-11-01,2023-11-04,Technical Problem,Low,3,Basic
935,CUST_1149,2024-03-01,2024-03-02,Account Access,Medium,1,Basic
936,CUST_1149,2024-05-01,2024-05-04,Feature Request,Critical,3,Basic
937,CUST_1149,2024-10-01,2024-10-08,Account Access,Medium,7,Basic
938,CUST_1149,2024-11-01,2024-11-10,Billing Issue,Low,9,Basic
939,CUST_1150,2023-03-01,2023-03-02,Feature Request,Low,1,Pro
940,CUST_1150,2023-04-01,2023-04-08,Technical Problem,Low,7,Pro
941,CUST_1150,2023-08-01,2023-08-04,Account Access,Critical,3,Pro
942,CUST_1150,2023-11-01,2023-11-15,Technical Problem,High,14,Pro
943,CUST_1150,2024-01-01,2024-01-02,Feature Request,Medium,1,Pro
944,CUST_1150,2024-04-01,2024-04-15,Account Access,Low,14,Pro
945,CUST_1150,2024-05-01,2024-05-06,Account Access,Low,5,Pro
946,CUST_1150,2024-06-01,2024-06-03,General Question,Low,2,Pro
947,CUST_1150,2024-10-01,2024-10-03,Account Access,Critical,2,Pro
948,CUST_1151,2023-12-01,2023-12-14,Billing Issue,Medium,13,Basic
949,CUST_1151,2024-01-01,2024-01-10,Technical Problem,Low,9,Basic
950,CUST_1151,2024-02-01,2024-02-06,General Question,High,5,Basic
951,CUST_1151,2024-08-01,2024-08-14,Account Access,Medium,13,Basic
952,CUST_1152,2022-10-01,2022-10-11,General Question,Low,10,Enterprise
953,CUST_1152,2022-12-01,2022-12-08,Technical Problem,Low,7,Enterprise
954,CUST_1152,2023-02-01,2023-02-05,General Question,Low,4,Enterprise
955,CUST_1152,2023-03-01,2023-03-10,Billing Issue,Low,9,Enterprise
956,CUST_1152,2024-01-01,2024-01-03,Technical Problem,Critical,2,Pro
957,CUST_1152,2024-07-01,2024-07-03,Technical Problem,Medium,2,Pro
958,CUST_1152,2024-10-01,2024-10-14,Billing Issue,Low,13,Pro
959,CUST_1152,2024-11-01,2024-11-12,Billing Issue,Low,11,Pro
960,CUST_1153,2023-06-01,2023-06-07,Billing Issue,Medium,6,Basic
961,CUST_1153,2023-12-01,2023-12-02,General Question,Medium,1,Basic
962,CUST_1153,2024-04-01,2024-04-05,Feature Request,Medium,4,Basic
963,CUST_1153,2024-12-01,2024-12-03,Technical Problem,Low,2,Basic
964,CUST_1154,2022-05-01,2022-05-09,Technical Problem,High,8,Basic
965,CUST_1154,2022-06-01,2022-06-14,Billing Issue,Low,13,Basic
966,CUST_1154,2022-07-01,2022-07-02,Account Access,Low,1,Basic
967,CUST_1155,2022-10-01,2022-10-08,Account Access,High,7,Pro
968,CUST_1156,2022-10-01,2022-10-07,Feature Request,High,6,Pro
969,CUST_1156,2022-11-01,2022-11-07,Billing Issue,Low,6,Pro
970,CUST_1156,2022-12-01,2022-12-08,Account Access,Low,7,Pro
971,CUST_1156,2023-06-01,2023-06-06,Account Access,Medium,5,Pro
972,CUST_1156,2024-04-01,2024-04-11,Billing Issue,Medium,10,Enterprise
973,CUST_1156,2024-06-01,2024-06-02,General Question,Low,1,Enterprise
974,CUST_1156,2024-09-01,2024-09-06,Technical Problem,Medium,5,Enterprise
975,CUST_1157,2023-02-01,2023-02-09,Account Access,High,8,Pro
976,CUST_1157,2023-03-01,2023-03-03,Billing Issue,Low,2,Pro
977,CUST_1157,2023-04-01,2023-04-04,Billing Issue,Medium,3,Pro
978,CUST_1157,2023-11-01,2023-11-05,Account Access,Low,4,Pro
979,CUST_1157,2023-12-01,2023-12-02,Feature Request,Critical,1,Pro
980,CUST_1157,2024-02-01,2024-02-13,Account Access,Low,12,Pro
981,CUST_1157,2024-03-01,2024-03-03,Feature Request,Critical,2,Pro
982,CUST_1158,2022-09-01,2022-09-15,Feature Request,High,14,Pro
983,CUST_1158,2023-05-01,2023-05-08,Account Access,Low,7,Pro
984,CUST_1158,2024-04-01,2024-04-13,Technical Problem,Medium,12,Pro
985,CUST_1158,2024-09-01,2024-09-10,Feature Request,High,9,Pro
986,CUST_1159,2022-10-01,2022-10-03,Account Access,Critical,2,Basic
987,CUST_1159,2023-07-01,2023-07-07,Account Access,High,6,Basic
988,CUST_1159,2023-11-01,2023-11-05,General Question,Low,4,Basic
989,CUST_1159,2023-12-01,2023-12-06,Account Access,Medium,5,Basic
990,CUST_1159,2024-02-01,2024-02-13,Technical Problem,High,12,Basic
991,CUST_1159,2024-04-01,2024-04-10,General Question,Medium,9,Basic
992,CUST_1159,2024-05-01,2024-05-12,Technical Problem,Medium,11,Basic
993,CUST_1159,2024-07-01,2024-07-03,Billing Issue,Critical,2,Basic
994,CUST_1159,2024-08-01,2024-08-10,General Question,Medium,9,Basic
995,CUST_1159,2024-09-01,2024-09-04,Account Access,Critical,3,Basic
996,CUST_1160,2022-11-01,2022-11-02,General Question,Medium,1,Basic
997,CUST_1160,2022-12-01,2022-12-11,General Question,Low,10,Basic
998,CUST_1160,2023-03-01,2023-03-14,Technical Problem,Low,13,Basic
999,CUST_1160,2024-02-01,2024-02-04,Feature Request,Low,3,Basic
1000,CUST_1160,2024-04-01,2024-04-02,Account Access,Critical,1,Basic
1001,CUST_1160,2024-05-01,2024-05-05,Feature Request,Low,4,Basic
1002,CUST_1160,2024-06-01,2024-06-13,Technical Problem,High,12,Basic
1003,CUST_1160,2024-09-01,2024-09-11,Feature Request,High,10,Basic
1004,CUST_1160,2024-10-01,2024-10-03,Billing Issue,Low,2,Basic
1005,CUST_1160,2024-11-01,2024-11-02,Billing Issue,Low,1,Basic
1006,CUST_1161,2022-10-01,2022-10-10,Account Access,Medium,9,Pro
1007,CUST_1161,2022-12-01,2022-12-15,Billing Issue,Medium,14,Pro
1008,CUST_1161,2023-01-01,2023-01-04,Billing Issue,Critical,3,Pro
1009,CUST_1161,2023-05-01,2023-05-13,Feature Request,High,12,Enterprise
1010,CUST_1161,2023-11-01,2023-11-03,Billing Issue,Critical,2,Enterprise
1011,CUST_1161,2024-03-01,2024-03-03,Feature Request,Low,2,Enterprise
1012,CUST_1161,2024-11-01,2024-11-07,Account Access,High,6,Enterprise
1013,CUST_1162,2022-05-01,2022-05-04,Account Access,Low,3,Basic
1014,CUST_1162,2022-09-01,2022-09-09,Account Access,Medium,8,Basic
1015,CUST_1162,2023-02-01,2023-02-02,Feature Request,Critical,1,Basic
1016,CUST_1162,2023-04-01,2023-04-04,General Question,High,3,Basic
1017,CUST_1162,2023-08-01,2023-08-11,Feature Request,High,10,Basic
1018,CUST_1162,2023-09-01,2023-09-11,Account Access,High,10,Pro
1019,CUST_1163,2022-03-01,2022-03-04,Technical Problem,Critical,3,Basic
1020,CUST_1163,2022-04-01,2022-04-02,Feature Request,Low,1,Basic
1021,CUST_1163,2022-07-01,2022-07-10,Account Access,Medium,9,Basic
1022,CUST_1163,2023-02-01,2023-02-08,General Question,Medium,7,Basic
1023,CUST_1163,2023-11-01,2023-11-12,Technical Problem,Low,11,Pro
1024,CUST_1163,2024-03-01,2024-03-15,General Question,Low,14,Enterprise
1025,CUST_1163,2024-05-01,2024-05-06,Technical Problem,High,5,Enterprise
1026,CUST_1163,2024-07-01,2024-07-14,Technical Problem,Low,13,Enterprise
1027,CUST_1163,2024-11-01,2024-11-06,Billing Issue,Low,5,Enterprise
1028,CUST_1165,2023-09-01,2023-09-11,Technical Problem,Medium,10,Pro
1029,CUST_1165,2024-05-01,2024-05-09,Technical Problem,High,8,Pro
1030,CUST_1165,2024-10-01,2024-10-03,Account Access,Critical,2,Pro
1031,CUST_1165,2024-11-01,2024-11-12,General Question,Medium,11,Pro
1032,CUST_1165,2024-12-01,2024-12-07,Technical Problem,Low,6,Pro
1033,CUST_1166,2023-07-01,2023-07-08,Technical Problem,Medium,7,Basic
1034,CUST_1166,2023-11-01,2023-11-13,Account Access,Low,12,Pro
1035,CUST_1166,2024-03-01,2024-03-05,Account Access,Low,4,Pro
1036,CUST_1166,2024-04-01,2024-04-07,Account Access,Low,6,Pro
1037,CUST_1166,2024-05-01,2024-05-09,Billing Issue,Low,8,Pro
1038,CUST_1166,2024-07-01,2024-07-09,Account Access,Low,8,Pro
1039,CUST_1166,2024-09-01,2024-09-04,Technical Problem,Medium,3,Pro
1040,CUST_1167,2023-02-01,2023-02-07,Technical Problem,High,6,Basic
1041,CUST_1169,2022-05-01,2022-05-02,General Question,Critical,1,Pro
1042,CUST_1169,2022-06-01,2022-06-09,Account Access,Medium,8,Pro
1043,CUST_1169,2022-07-01,2022-07-11,Technical Problem,High,10,Pro
1044,CUST_1169,2022-11-01,2022-11-07,Technical Problem,Medium,6,Pro
1045,CUST_1169,2023-02-01,2023-02-11,Technical Problem,Medium,10,Pro
1046,CUST_1169,2023-04-01,2023-04-13,General Question,Low,12,Pro
1047,CUST_1169,2023-05-01,2023-05-03,Account Access,High,2,Pro
1048,CUST_1169,2023-06-01,2023-06-06,Technical Problem,Low,5,Pro
1049,CUST_1170,2023-11-01,2023-11-08,General Question,High,7,Enterprise
1050,CUST_1170,2024-01-01,2024-01-14,Account Access,Medium,13,Enterprise
1051,CUST_1170,2024-02-01,2024-02-14,Account Access,High,13,Enterprise
1052,CUST_1170,2024-07-01,2024-07-11,Feature Request,Medium,10,Enterprise
1053,CUST_1170,2024-10-01,2024-10-03,Feature Request,Critical,2,Enterprise
1054,CUST_1170,2024-11-01,2024-11-14,General Question,Low,13,Enterprise
1055,CUST_1170,2024-12-01,2024-12-15,Feature Request,High,14,Enterprise
1056,CUST_1171,2022-10-01,2022-10-12,Billing Issue,High,11,Basic
1057,CUST_1171,2023-01-01,2023-01-05,Feature Request,Low,4,Basic
1058,CUST_1171,2023-09-01,2023-09-10,Account Access,Medium,9,Basic
1059,CUST_1172,2022-04-01,2022-04-15,Feature Request,Low,14,Pro
1060,CUST_1172,2022-06-01,2022-06-13,Account Access,Low,12,Pro
1061,CUST_1172,2023-03-01,2023-03-09,Feature Request,Medium,8,Pro
1062,CUST_1172,2023-05-01,2023-05-13,Feature Request,Medium,12,Pro
1063,CUST_1172,2024-01-01,2024-01-04,General Question,High,3,Pro
1064,CUST_1172,2024-03-01,2024-03-08,Account Access,Medium,7,Pro
1065,CUST_1172,2024-05-01,2024-05-15,Billing Issue,Low,14,Pro
1066,CUST_1172,2024-09-01,2024-09-15,General Question,Medium,14,Pro
1067,CUST_1173,2023-07-01,2023-07-04,General Question,Medium,3,Enterprise
1068,CUST_1173,2023-10-01,2023-10-15,Technical Problem,Medium,14,Enterprise
1069,CUST_1173,2024-01-01,2024-01-11,Technical Problem,Low,10,Enterprise
1070,CUST_1174,2023-04-01,2023-04-11,Account Access,Low,10,Basic
1071,CUST_1174,2023-05-01,2023-05-15,Technical Problem,Low,14,Basic
1072,CUST_1175,2022-05-01,2022-05-08,General Question,Low,7,Pro
1073,CUST_1175,2023-05-01,2023-05-12,Billing Issue,Low,11,Pro
1074,CUST_1175,2023-08-01,2023-08-11,Account Access,High,10,Pro
1075,CUST_1175,2023-09-01,2023-09-10,General Question,Low,9,Pro
1076,CUST_1175,2023-11-01,2023-11-14,General Question,Low,13,Pro
1077,CUST_1175,2023-12-01,2023-12-12,Account Access,High,11,Pro
1078,CUST_1175,2024-03-01,2024-03-05,Technical Problem,Low,4,Pro
1079,CUST_1175,2024-04-01,2024-04-05,Technical Problem,Medium,4,Pro
1080,CUST_1175,2024-06-01,2024-06-04,Technical Problem,Medium,3,Pro
1081,CUST_1175,2024-12-01,2024-12-08,Technical Problem,Medium,7,Pro
1082,CUST_1176,2023-08-01,2023-08-05,Billing Issue,High,4,Basic
1083,CUST_1176,2023-09-01,2023-09-08,General Question,High,7,Basic
1084,CUST_1176,2023-12-01,2023-12-15,Technical Problem,Low,14,Basic
1085,CUST_1176,2024-01-01,2024-01-06,Technical Problem,Low,5,Basic
1086,CUST_1176,2024-04-01,2024-04-14,Account Access,Low,13,Basic
1087,CUST_1176,2024-06-01,2024-06-07,General Question,Medium,6,Basic
1088,CUST_1177,2023-09-01,2023-09-08,Feature Request,Low,7,Enterprise
1089,CUST_1178,2023-01-01,2023-01-03,Account Access,Medium,2,Pro
1090,CUST_1178,2023-05-01,2023-05-04,General Question,Critical,3,Pro
1091,CUST_1178,2023-12-01,2023-12-07,General Question,High,6,Pro
1092,CUST_1178,2024-03-01,2024-03-03,Technical Problem,Critical,2,Pro
1093,CUST_1178,2024-07-01,2024-07-06,Technical Problem,Medium,5,Pro
1094,CUST_1178,2024-09-01,2024-09-05,General Question,Low,4,Pro
1095,CUST_1179,2023-03-01,2023-03-04,Technical Problem,High,3,Pro
1096,CUST_1179,2023-05-01,2023-05-07,General Question,Medium,6,Pro
1097,CUST_1179,2023-12-01,2023-12-13,Account Access,Low,12,Pro
1098,CUST_1179,2024-06-01,2024-06-09,Billing Issue,High,8,Pro
1099,CUST_1179,2024-07-01,2024-07-08,Billing Issue,High,7,Pro
1100,CUST_1180,2023-07-01,2023-07-06,General Question,Medium,5,Pro
1101,CUST_1180,2023-08-01,2023-08-15,Billing Issue,High,14,Pro
1102,CUST_1180,2023-09-01,2023-09-04,Account Access,High,3,Pro
1103,CUST_1180,2023-10-01,2023-10-14,Feature Request,Low,13,Pro
1104,CUST_1180,2024-01-01,2024-01-11,Feature Request,Low,10,Pro
1105,CUST_1180,2024-04-01,2024-04-04,Account Access,High,3,Pro
1106,CUST_1180,2024-11-01,2024-11-02,Billing Issue,Low,1,Pro
1107,CUST_1181,2023-05-01,2023-05-13,Feature Request,Medium,12,Basic
1108,CUST_1181,2023-07-01,2023-07-02,Billing Issue,Medium,1,Basic
1109,CUST_1181,2023-09-01,2023-09-10,Feature Request,Medium,9,Basic
1110,CUST_1181,2023-11-01,2023-11-05,Feature Request,Low,4,Pro
1111,CUST_1181,2024-03-01,2024-03-04,Technical Problem,Critical,3,Pro
1112,CUST_1181,2024-08-01,2024-08-05,Technical Problem,Low,4,Pro
1113,CUST_1182,2022-05-01,2022-05-04,Technical Problem,Critical,3,Basic
1114,CUST_1182,2022-12-01,2022-12-08,General Question,High,7,Basic
1115,CUST_1182,2023-01-01,2023-01-05,Account Access,Low,4,Basic
1116,CUST_1182,2023-05-01,2023-05-02,Feature Request,Medium,1,Basic
1117,CUST_1182,2023-10-01,2023-10-06,General Question,Medium,5,Basic
1118,CUST_1183,2023-07-01,2023-07-06,Technical Problem,Low,5,Basic
1119,CUST_1183,2023-08-01,2023-08-09,General Question,Medium,8,Basic
1120,CUST_1183,2023-12-01,2023-12-06,Technical Problem,Low,5,Basic
1121,CUST_1183,2024-01-01,2024-01-09,Feature Request,Low,8,Basic
1122,CUST_1183,2024-02-01,2024-02-04,Technical Problem,High,3,Basic
1123,CUST_1183,2024-03-01,2024-03-13,Feature Request,Low,12,Basic
1124,CUST_1183,2024-08-01,2024-08-02,Account Access,Critical,1,Basic
1125,CUST_1183,2024-11-01,2024-11-09,Account Access,Medium,8,Basic
1126,CUST_1183,2024-12-01,2024-12-11,Technical Problem,Low,10,Basic
1127,CUST_1184,2022-11-01,2022-11-10,Feature Request,High,9,Basic
1128,CUST_1184,2022-12-01,2022-12-04,Feature Request,Critical,3,Basic
1129,CUST_1184,2023-01-01,2023-01-04,Feature Request,Medium,3,Basic
1130,CUST_1184,2023-02-01,2023-02-03,Technical Problem,Medium,2,Basic
1131,CUST_1184,2023-07-01,2023-07-05,General Question,High,4,Basic
1132,CUST_1184,2023-09-01,2023-09-11,Technical Problem,Low,10,Basic
1133,CUST_1184,2023-10-01,2023-10-11,Technical Problem,High,10,Basic
1134,CUST_1185,2023-05-01,2023-05-03,Billing Issue,Critical,2,Basic
1135,CUST_1185,2023-10-01,2023-10-06,General Question,Low,5,Basic
1136,CUST_1185,2024-04-01,2024-04-04,Billing Issue,Medium,3,Basic
1137,CUST_1185,2024-05-01,2024-05-08,Technical Problem,High,7,Basic
1138,CUST_1185,2024-08-01,2024-08-02,Account Access,Critical,1,Basic
1139,CUST_1185,2024-09-01,2024-09-06,Feature Request,Medium,5,Basic
1140,CUST_1185,2024-10-01,2024-10-02,Technical Problem,Critical,1,Basic
1141,CUST_1185,2024-12-01,2024-12-11,Account Access,Medium,10,Basic
1142,CUST_1186,2023-01-01,2023-01-06,Technical Problem,Low,5,Basic
1143,CUST_1186,2023-04-01,2023-04-05,Account Access,Low,4,Basic
1144,CUST_1186,2023-07-01,2023-07-05,General Question,Low,4,Basic
1145,CUST_1186,2023-10-01,2023-10-15,Technical Problem,Medium,14,Basic
1146,CUST_1186,2024-01-01,2024-01-05,Feature Request,Low,4,Basic
1147,CUST_1186,2024-02-01,2024-02-15,Account Access,Medium,14,Basic
1148,CUST_1186,2024-03-01,2024-03-05,Account Access,Medium,4,Basic
1149,CUST_1186,2024-05-01,2024-05-09,Billing Issue,Medium,8,Basic
1150,CUST_1186,2024-12-01,2024-12-09,General Question,Medium,8,Pro
1151,CUST_1187,2022-05-01,2022-05-04,General Question,Medium,3,Pro
1152,CUST_1187,2022-09-01,2022-09-03,General Question,Low,2,Pro
1153,CUST_1187,2023-11-01,2023-11-03,Account Access,Low,2,Enterprise
1154,CUST_1187,2023-12-01,2023-12-13,Account Access,Medium,12,Enterprise
1155,CUST_1187,2024-01-01,2024-01-12,Technical Problem,Low,11,Enterprise
1156,CUST_1187,2024-03-01,2024-03-04,Technical Problem,Critical,3,Enterprise
1157,CUST_1187,2024-07-01,2024-07-03,Billing Issue,Medium,2,Enterprise
1158,CUST_1187,2024-12-01,2024-12-08,Technical Problem,High,7,Enterprise
1159,CUST_1188,2023-09-01,2023-09-02,Technical Problem,Critical,1,Enterprise
1160,CUST_1188,2023-10-01,2023-10-10,Billing Issue,High,9,Enterprise
1161,CUST_1188,2023-11-01,2023-11-07,Technical Problem,Medium,6,Enterprise
1162,CUST_1188,2024-02-01,2024-02-03,General Question,Critical,2,Enterprise
1163,CUST_1188,2024-03-01,2024-03-03,General Question,Critical,2,Enterprise
1164,CUST_1188,2024-04-01,2024-04-02,Billing Issue,Medium,1,Enterprise
1165,CUST_1188,2024-12-01,2024-12-13,General Question,Low,12,Enterprise
1166,CUST_1189,2023-01-01,2023-01-07,Technical Problem,Medium,6,Pro
1167,CUST_1189,2023-04-01,2023-04-02,Billing Issue,High,1,Pro
1168,CUST_1189,2023-07-01,2023-07-02,Feature Request,Low,1,Enterprise
1169,CUST_1189,2023-08-01,2023-08-02,Account Access,Low,1,Enterprise
1170,CUST_1189,2024-02-01,2024-02-04,Feature Request,Critical,3,Enterprise
1171,CUST_1190,2023-06-01,2023-06-12,Account Access,High,11,Pro
1172,CUST_1191,2022-12-01,2022-12-04,Billing Issue,Medium,3,Basic
1173,CUST_1191,2023-04-01,2023-04-05,Technical Problem,Low,4,Basic
1174,CUST_1191,2023-05-01,2023-05-03,Technical Problem,Critical,2,Basic
1175,CUST_1191,2023-07-01,2023-07-04,General Question,Low,3,Basic
1176,CUST_1192,2022-12-01,2022-12-03,Technical Problem,Critical,2,Basic
1177,CUST_1192,2023-05-01,2023-05-15,Feature Request,High,14,Basic
1178,CUST_1192,2023-07-01,2023-07-13,Billing Issue,High,12,Basic
1179,CUST_1192,2023-08-01,2023-08-03,Feature Request,Low,2,Basic
1180,CUST_1192,2023-12-01,2023-12-14,Feature Request,Low,13,Basic
1181,CUST_1192,2024-03-01,2024-03-15,General Question,Low,14,Basic
1182,CUST_1192,2024-04-01,2024-04-13,Billing Issue,Low,12,Basic
1183,CUST_1192,2024-05-01,2024-05-07,Billing Issue,Low,6,Basic
1184,CUST_1192,2024-07-01,2024-07-06,Feature Request,Medium,5,Basic
1185,CUST_1192,2024-08-01,2024-08-12,Billing Issue,Low,11,Basic
1186,CUST_1192,2024-12-01,2024-12-08,Technical Problem,High,7,Basic
1187,CUST_1193,2022-06-01,2022-06-09,Billing Issue,Low,8,Basic
1188,CUST_1193,2022-09-01,2022-09-10,Feature Request,High,9,Pro
1189,CUST_1193,2022-12-01,2022-12-04,General Question,Low,3,Pro
1190,CUST_1193,2023-03-01,2023-03-06,Technical Problem,Medium,5,Pro
1191,CUST_1193,2023-05-01,2023-05-03,Feature Request,Low,2,Pro
1192,CUST_1193,2023-06-01,2023-06-06,Account Access,Medium,5,Pro
1193,CUST_1193,2023-08-01,2023-08-09,General Question,Medium,8,Pro
1194,CUST_1193,2023-12-01,2023-12-14,Billing Issue,Low,13,Pro
1195,CUST_1193,2024-03-01,2024-03-13,Technical Problem,High,12,Pro
1196,CUST_1193,2024-06-01,2024-06-10,General Question,Medium,9,Pro
1197,CUST_1193,2024-11-01,2024-11-08,Billing Issue,Low,7,Enterprise
1198,CUST_1194,2022-10-01,2022-10-11,Billing Issue,High,10,Basic
1199,CUST_1194,2023-04-01,2023-04-14,Billing Issue,Low,13,Basic
1200,CUST_1195,2023-11-01,2023-11-14,Billing Issue,Low,13,Basic
1201,CUST_1195,2023-12-01,2023-12-09,Account Access,Low,8,Basic
1202,CUST_1196,2022-09-01,2022-09-07,General Question,Low,6,Basic
1203,CUST_1196,2022-10-01,2022-10-03,Feature Request,Low,2,Basic
1204,CUST_1196,2022-12-01,2022-12-04,Billing Issue,Medium,3,Basic
1205,CUST_1196,2023-04-01,2023-04-14,Account Access,Medium,13,Basic
1206,CUST_1196,2024-03-01,2024-03-13,Feature Request,High,12,Basic
1207,CUST_1196,2024-04-01,2024-04-05,General Question,Low,4,Basic
1208,CUST_1196,2024-05-01,2024-05-07,Billing Issue,Low,6,Basic
1209,CUST_1196,2024-07-01,2024-07-09,Billing Issue,Low,8,Basic
1210,CUST_1196,2024-11-01,2024-11-07,Account Access,Low,6,Basic
1211,CUST_1197,2022-10-01,2022-10-05,General Question,Medium,4,Enterprise
1212,CUST_1197,2023-03-01,2023-03-15,Feature Request,High,14,Enterprise
1213,CUST_1197,2023-07-01,2023-07-07,Feature Request,High,6,Enterprise
1214,CUST_1197,2024-03-01,2024-03-03,General Question,Low,2,Pro
1215,CUST_1197,2024-08-01,2024-08-07,Billing Issue,Medium,6,Pro
1216,CUST_1197,2024-10-01,2024-10-15,Billing Issue,Low,14,Pro
1217,CUST_1197,2024-12-01,2024-12-02,Feature Request,Critical,1,Pro
1218,CUST_1198,2022-12-01,2022-12-03,Account Access,Low,2,Pro
1219,CUST_1198,2023-01-01,2023-01-13,Technical Problem,Medium,12,Pro
1220,CUST_1198,2023-02-01,2023-02-13,General Question,High,12,Pro
1221,CUST_1198,2023-08-01,2023-08-05,Feature Request,Medium,4,Enterprise
1222,CUST_1198,2024-02-01,2024-02-14,General Question,High,13,Enterprise
1223,CUST_1198,2024-07-01,2024-07-14,Account Access,High,13,Enterprise
1224,CUST_1198,2024-08-01,2024-08-03,Technical Problem,Critical,2,Enterprise
1225,CUST_1199,2022-03-01,2022-03-10,Billing Issue,Medium,9,Pro
1226,CUST_1199,2022-05-01,2022-05-08,Technical Problem,Low,7,Pro
